filename,genre,mfcc_mean,mfcc_std,chroma_mean,chroma_std,mel_mean,mel_std,contrast_mean,contrast_std,tonnetz_mean,tonnetz_std,harmony_mean,harmony_std,perceptr_mean,perceptr_std,tempo
blues.08837.wav,blues,821,54,47,239,59,171,220,932,889,638,380,726,93,665,827
blues.05276.wav,blues,909,351,188,18,819,633,424,673,60,898,428,912,617,578,65
blues.07371.wav,blues,792,362,501,104,566,293,677,325,380,175,137,3,624,2,613
blues.05141.wav,blues,624,882,849,198,75,501,698,29,817,794,504,635,483,905,62
blues.01447.wav,blues,586,620,858,716,177,601,424,226,430,783,260,637,547,674,472
blues.03424.wav,blues,280,160,37,675,821,313,730,686,801,729,661,205,982,387,168
blues.00687.wav,blues,264,266,234,498,101,654,614,240,646,334,297,887,438,50,634
blues.07050.wav,blues,665,939,348,88,156,138,493,663,61,750,272,758,811,33,687
blues.05472.wav,blues,586,865,369,921,558,571,734,495,290,29,125,826,633,229,147
blues.06057.wav,blues,138,240,311,925,865,535,17,994,495,620,298,740,39,599,774
blues.00096.wav,blues,974,271,446,412,777,652,433,740,960,445,102,183,304,271,853
blues.06363.wav,blues,340,17,776,820,818,278,197,431,908,211,613,825,343,740,235
blues.09905.wav,blues,952,421,769,656,84,986,634,895,535,547,582,409,35,298,829
blues.07792.wav,blues,880,990,249,329,725,796,686,716,460,528,406,202,801,615,791
blues.08082.wav,blues,304,888,108,911,314,644,56,403,474,334,450,211,51,3,22
blues.04873.wav,blues,191,154,446,145,780,907,695,3,955,598,839,973,684,778,969
blues.06238.wav,blues,876,720,197,5,189,97,315,426,380,718,385,641,68,18,929
blues.07192.wav,blues,146,170,365,121,22,516,74,145,883,677,685,520,662,672,177
blues.06177.wav,blues,290,141,800,343,733,153,215,257,457,520,129,15,311,392,577
blues.02306.wav,blues,673,911,708,699,469,540,82,332,374,823,999,995,985,797,785
blues.03097.wav,blues,180,709,745,911,773,840,881,298,856,999,335,683,621,645,608
blues.07043.wav,blues,122,427,747,522,260,837,462,55,650,746,129,899,708,822,741
blues.05953.wav,blues,565,208,44,857,6,157,622,597,2,40,547,423,94,166,265
blues.00386.wav,blues,247,434,779,802,811,128,271,494,159,911,683,182,67,779,788
blues.02667.wav,blues,652,524,934,510,636,12,84,674,650,283,38,332,265,585,18
blues.07057.wav,blues,778,392,840,720,328,706,235,791,324,551,646,600,116,225,394
blues.03314.wav,blues,776,898,541,279,401,970,704,514,422,47,205,62,763,450,793
blues.01685.wav,blues,686,334,562,437,556,718,120,496,724,94,836,486,673,288,56
blues.06992.wav,blues,213,808,902,869,910,947,870,1000,939,408,825,892,494,964,733
blues.04457.wav,blues,379,918,580,436,376,435,319,325,17,726,517,279,132,771,386
blues.09546.wav,blues,659,258,168,19,31,474,226,86,420,613,628,902,840,437,865
blues.01789.wav,blues,287,175,432,201,100,863,308,27,928,1,110,788,858,273,251
blues.09600.wav,blues,772,740,236,313,466,156,760,155,236,361,274,728,55,578,850
blues.05758.wav,blues,376,506,752,663,972,380,404,317,230,753,111,786,925,964,688
blues.06868.wav,blues,7,71,88,56,834,434,958,654,115,652,940,148,117,590,343
blues.04531.wav,blues,529,284,795,250,25,421,522,633,341,73,832,822,568,299,327
blues.03461.wav,blues,701,529,266,383,655,374,551,616,24,543,908,988,413,846,236
blues.05278.wav,blues,144,496,246,301,865,861,214,883,677,627,325,423,898,258,207
blues.06088.wav,blues,750,864,47,56,489,557,205,189,155,629,130,275,623,187,20
blues.00155.wav,blues,272,718,117,526,935,371,888,498,779,178,747,838,920,298,957
blues.02109.wav,blues,302,909,405,241,406,407,455,72,201,836,567,507,336,119,674
blues.09929.wav,blues,233,661,645,302,563,430,7,302,959,888,477,312,361,692,220
blues.00266.wav,blues,753,840,318,679,81,964,179,632,930,352,610,493,260,179,376
blues.09124.wav,blues,793,394,325,403,585,343,730,804,122,534,369,345,218,872,79
blues.08467.wav,blues,690,255,979,561,225,343,710,849,462,7,170,340,198,862,589
blues.05678.wav,blues,919,113,903,305,750,829,905,617,636,332,726,129,123,49,366
blues.06408.wav,blues,781,789,580,738,374,684,860,342,739,980,140,359,854,934,722
blues.04582.wav,blues,987,772,575,409,33,971,777,354,482,407,830,990,424,782,220
blues.06263.wav,blues,984,472,267,407,881,16,168,321,137,876,546,349,720,988,983
blues.03118.wav,blues,514,487,873,727,770,183,294,35,863,924,343,484,457,104,568
blues.07253.wav,blues,112,607,309,385,521,285,607,897,469,526,655,659,485,450,25
blues.06936.wav,blues,713,592,499,483,199,23,41,586,950,293,320,307,680,949,18
blues.07353.wav,blues,683,487,801,710,751,663,581,740,953,696,142,713,756,323,536
blues.02178.wav,blues,678,470,168,206,222,726,237,105,136,758,877,947,412,704,638
blues.00661.wav,blues,85,958,992,666,374,305,215,136,248,437,690,125,273,544,17
blues.01569.wav,blues,428,922,634,283,204,159,875,326,238,883,146,662,838,308,309
blues.02717.wav,blues,714,934,91,34,376,806,183,485,626,580,40,738,600,903,216
blues.03466.wav,blues,626,226,236,878,762,330,348,596,373,935,690,660,938,467,239
blues.07855.wav,blues,781,984,87,138,69,352,941,675,530,365,762,479,214,303,462
blues.01593.wav,blues,468,243,239,516,805,698,664,827,835,281,288,522,33,71,278
blues.08531.wav,blues,605,443,113,980,480,295,47,482,954,691,946,713,544,77,592
blues.05216.wav,blues,228,815,209,433,538,942,16,266,649,109,186,951,348,676,25
blues.07204.wav,blues,980,125,995,632,701,570,494,355,820,714,835,884,681,401,533
blues.07111.wav,blues,852,873,156,73,683,592,388,616,999,145,966,500,343,737,824
blues.01465.wav,blues,820,502,872,698,824,355,657,559,718,363,927,898,561,458,918
blues.01335.wav,blues,917,267,958,411,480,482,275,810,632,678,355,790,277,902,592
blues.09210.wav,blues,887,99,169,34,753,211,166,698,203,821,235,569,713,194,806
blues.01507.wav,blues,630,849,53,85,380,192,252,771,751,598,349,353,576,838,46
blues.05783.wav,blues,474,708,756,594,61,851,384,871,528,514,575,934,548,397,57
blues.07397.wav,blues,343,571,101,545,810,265,62,788,533,707,31,203,219,508,366
blues.02722.wav,blues,867,228,62,438,834,17,243,282,227,293,529,188,801,197,281
blues.04082.wav,blues,746,645,316,465,470,414,167,721,15,705,427,362,850,296,620
blues.04823.wav,blues,130,470,311,239,584,659,584,188,386,878,646,710,414,925,660
blues.00603.wav,blues,689,85,20,306,277,474,637,203,186,31,814,55,586,893,893
blues.00409.wav,blues,711,890,605,5,231,52,597,226,612,920,70,147,934,2,968
blues.04058.wav,blues,346,604,828,981,563,279,745,925,980,724,163,745,949,690,831
blues.05671.wav,blues,512,124,717,818,117,320,994,807,790,3,123,231,715,603,198
blues.09756.wav,blues,821,178,194,410,465,284,633,501,779,152,67,233,9,79,56
blues.07754.wav,blues,981,525,783,147,355,794,405,890,250,401,740,788,759,50,900
blues.00497.wav,blues,32,6,686,681,306,176,62,558,851,89,86,787,203,674,627
blues.01119.wav,blues,122,828,652,57,233,37,577,391,300,998,489,881,848,356,502
blues.03333.wav,blues,268,673,253,519,475,947,226,589,814,215,450,662,484,624,408
blues.02090.wav,blues,202,601,947,905,72,341,847,130,578,56,515,612,41,793,351
blues.07742.wav,blues,563,672,746,523,386,468,557,583,444,983,175,439,846,240,165
blues.08481.wav,blues,614,566,457,156,254,968,358,57,40,148,781,17,555,886,42
blues.08759.wav,blues,177,452,394,957,853,240,556,777,67,192,938,877,601,27,201
blues.09340.wav,blues,490,746,754,268,119,497,187,423,892,195,711,408,510,203,214
blues.06912.wav,blues,469,866,602,690,112,861,404,152,247,57,7,231,227,627,876
blues.04022.wav,blues,807,355,1,616,838,350,970,320,57,929,901,134,899,576,465
blues.08699.wav,blues,343,376,440,166,119,431,213,992,985,351,837,884,358,78,916
blues.07979.wav,blues,85,259,189,324,490,626,512,779,506,644,1000,424,177,605,911
blues.02794.wav,blues,355,140,489,98,898,260,603,995,783,989,402,168,970,516,12
blues.05122.wav,blues,214,894,6,325,997,76,596,146,430,444,512,576,225,735,217
blues.08897.wav,blues,285,844,762,924,854,846,755,670,599,285,15,309,316,335,273
blues.07367.wav,blues,53,766,360,311,282,583,817,254,101,281,403,851,346,486,647
blues.07280.wav,blues,107,32,829,744,943,396,268,151,643,782,922,317,855,361,878
blues.05366.wav,blues,652,700,661,343,159,93,271,476,920,877,411,333,158,225,650
blues.06329.wav,blues,395,936,38,961,735,169,711,325,328,168,197,924,20,848,94
blues.01086.wav,blues,154,762,966,116,582,280,170,889,251,824,607,298,149,554,40
blues.09427.wav,blues,556,579,222,460,176,497,861,754,955,606,620,364,588,753,331
classical.04666.wav,classical,200,673,45,976,297,449,176,736,462,260,119,150,332,194,280
classical.03556.wav,classical,402,890,22,600,270,29,907,112,904,954,964,38,974,268,281
classical.03556.wav,classical,590,312,107,446,166,486,658,593,401,879,476,188,174,632,630
classical.02924.wav,classical,56,547,877,733,276,512,469,855,8,601,476,75,70,878,122
classical.05697.wav,classical,550,558,374,130,788,39,516,359,82,783,362,889,763,915,653
classical.06396.wav,classical,39,438,196,777,955,951,176,418,551,618,882,565,151,557,109
classical.04197.wav,classical,131,33,505,288,24,41,868,820,653,94,433,363,683,979,270
classical.00628.wav,classical,978,825,913,156,41,336,206,455,341,213,535,522,558,644,62
classical.00948.wav,classical,637,328,683,663,456,440,122,618,5,812,505,875,946,235,991
classical.02897.wav,classical,616,452,474,378,791,342,847,150,120,514,373,634,788,387,27
classical.08924.wav,classical,72,518,920,783,614,822,859,631,183,443,624,944,157,575,789
classical.08870.wav,classical,324,778,492,362,579,321,512,761,369,247,976,136,915,461,896
classical.07633.wav,classical,544,708,567,529,268,637,767,95,165,777,340,421,414,746,947
classical.08905.wav,classical,469,620,295,539,727,569,669,743,62,531,695,177,310,255,435
classical.07351.wav,classical,224,114,774,630,270,646,781,266,504,717,765,948,809,247,303
classical.09017.wav,classical,738,474,827,524,217,302,931,808,195,745,198,644,239,911,77
classical.05468.wav,classical,519,382,551,685,68,117,374,252,228,809,135,34,56,432,307
classical.06764.wav,classical,176,348,277,321,189,169,415,238,810,852,590,848,472,586,920
classical.03805.wav,classical,917,698,671,285,388,289,302,498,272,804,278,898,460,220,922
classical.08297.wav,classical,349,300,87,586,129,723,811,408,557,803,117,692,429,918,233
classical.08010.wav,classical,543,91,417,893,314,855,17,538,693,733,412,539,791,303,592
classical.07608.wav,classical,134,862,430,312,114,154,472,15,100,407,556,743,159,795,190
classical.09782.wav,classical,918,181,7,941,5,505,245,644,445,874,291,762,287,626,169
classical.09984.wav,classical,526,696,604,825,550,519,803,512,434,620,667,250,608,3,1
classical.06165.wav,classical,750,788,947,596,864,607,185,957,864,879,24,225,670,709,673
classical.06413.wav,classical,910,105,529,926,409,206,161,978,956,760,308,839,266,412,32
classical.05689.wav,classical,317,963,337,480,842,718,509,962,513,121,224,925,659,231,5
classical.05701.wav,classical,16,15,614,524,703,760,545,2,747,138,104,624,766,231,40
classical.09617.wav,classical,542,73,322,171,900,870,559,302,855,115,340,626,399,413,575
classical.08769.wav,classical,524,880,886,354,676,159,251,893,263,548,557,964,115,316,664
classical.08003.wav,classical,603,262,79,630,276,239,857,499,208,844,125,297,687,927,94
classical.04393.wav,classical,48,92,418,486,658,425,7,114,588,203,907,531,301,654,537
classical.02008.wav,classical,68,772,31,963,35,452,727,554,307,732,953,380,510,603,381
classical.08962.wav,classical,223,892,439,637,330,793,420,695,585,705,425,218,153,260,809
classical.05078.wav,classical,255,373,991,12,709,463,349,553,424,780,307,253,608,228,364
classical.04666.wav,classical,782,244,961,159,657,632,635,586,115,609,659,875,749,793,118
classical.07704.wav,classical,782,637,232,555,780,120,79,874,823,35,241,238,263,557,564
classical.06217.wav,classical,487,745,625,575,21,914,894,448,379,821,898,814,162,468,29
classical.02166.wav,classical,538,812,875,642,944,887,770,664,796,518,679,677,986,967,120
classical.07909.wav,classical,443,841,969,69,707,798,84,364,844,849,914,996,193,163,758
classical.02253.wav,classical,922,961,851,990,712,159,953,74,8,998,467,388,983,637,492
classical.01120.wav,classical,162,495,327,694,665,270,383,981,131,884,766,508,942,679,839
classical.01184.wav,classical,42,365,52,605,530,190,37,142,207,867,311,885,624,75,147
classical.08871.wav,classical,820,521,744,704,955,332,181,181,459,45,249,35,771,921,881
classical.02679.wav,classical,332,899,500,598,89,839,658,250,348,96,740,125,154,675,23
classical.08429.wav,classical,288,890,154,904,793,349,485,446,568,776,595,909,303,709,808
classical.08388.wav,classical,258,321,774,227,261,228,444,560,709,577,518,19,827,381,901
classical.02056.wav,classical,511,813,465,827,134,431,257,594,398,635,142,294,171,204,70
classical.04149.wav,classical,203,718,452,383,466,316,949,470,377,240,927,184,741,630,103
classical.06916.wav,classical,519,392,545,52,767,410,788,729,303,799,662,785,98,782,550
classical.00192.wav,classical,378,654,836,358,370,546,425,190,110,274,540,928,124,80,742
classical.08846.wav,classical,68,772,248,140,926,111,529,54,243,658,565,817,916,268,834
classical.05763.wav,classical,691,905,170,774,628,25,570,144,602,166,972,434,214,113,752
classical.04995.wav,classical,301,758,331,739,842,226,793,358,619,809,440,584,765,561,892
classical.08110.wav,classical,574,912,428,870,408,474,418,581,426,518,739,841,980,505,228
classical.04185.wav,classical,130,342,979,714,481,366,567,191,278,329,85,131,455,970,781
classical.03038.wav,classical,339,761,420,844,33,139,552,451,886,154,464,687,327,154,459
classical.00215.wav,classical,66,884,213,249,477,815,644,600,565,549,410,564,148,227,282
classical.04980.wav,classical,527,144,839,658,401,259,486,622,394,558,792,255,117,451,831
classical.02866.wav,classical,272,247,470,924,677,403,233,528,937,144,359,944,71,333,175
classical.03091.wav,classical,939,444,40,131,878,527,891,97,123,388,68,164,251,848,758
classical.09651.wav,classical,242,242,222,557,702,272,625,235,692,829,494,970,201,749,541
classical.08083.wav,classical,647,393,556,377,917,351,625,918,922,582,821,8,298,78,556
classical.01547.wav,classical,9,557,650,12,188,746,681,28,970,107,287,267,910,69,321
classical.06479.wav,classical,620,192,134,951,826,60,988,654,893,28,682,60,980,113,818
classical.03561.wav,classical,683,332,837,910,207,444,12,21,216,133,186,47,20,679,73
classical.09607.wav,classical,835,803,892,189,495,831,532,561,63,70,643,886,931,427,302
classical.04947.wav,classical,102,735,432,5,17,855,425,916,188,902,97,480,130,334,553
classical.09901.wav,classical,187,514,628,265,267,343,349,747,995,691,160,441,789,937,262
classical.05030.wav,classical,337,539,653,559,155,443,451,171,553,946,785,839,235,80,370
classical.00441.wav,classical,195,661,661,576,109,137,192,106,553,68,782,229,850,743,19
classical.07999.wav,classical,454,32,15,315,185,522,574,383,145,60,118,728,998,161,113
classical.07726.wav,classical,666,445,636,624,377,227,624,812,401,991,998,841,153,866,79
classical.09307.wav,classical,855,257,183,209,678,56,810,603,23,741,758,487,330,171,583
classical.06095.wav,classical,586,99,763,781,580,234,418,818,590,732,347,135,578,90,831
classical.04215.wav,classical,246,637,547,816,60,131,301,47,706,563,13,782,421,209,991
classical.04621.wav,classical,110,302,551,675,838,933,554,171,895,63,481,843,545,615,776
classical.02640.wav,classical,497,418,706,718,345,328,640,735,73,711,129,587,20,539,175
classical.01277.wav,classical,415,546,134,249,925,483,666,451,247,193,418,175,645,607,95
classical.04467.wav,classical,59,937,386,728,99,682,531,708,385,225,440,345,563,309,81
classical.00918.wav,classical,181,94,469,361,392,376,466,160,646,495,340,60,475,593,636
classical.05954.wav,classical,592,261,447,92,231,474,170,79,636,594,972,137,593,562,505
classical.08477.wav,classical,377,588,343,630,915,71,592,472,326,148,706,866,810,404,515
classical.09193.wav,classical,387,623,538,188,177,616,624,726,902,751,607,577,833,220,977
classical.06704.wav,classical,773,184,272,535,554,537,630,602,749,1000,529,963,596,195,719
classical.05448.wav,classical,519,69,297,358,596,638,983,955,57,364,931,839,288,415,403
classical.04628.wav,classical,680,39,500,827,997,214,567,956,805,312,927,85,756,603,944
classical.07315.wav,classical,153,363,320,680,700,415,139,339,814,89,84,262,135,28,54
classical.03101.wav,classical,200,330,534,930,493,666,226,252,866,652,258,271,421,262,662
classical.00829.wav,classical,229,404,995,324,376,978,759,898,489,268,318,635,240,73,809
classical.07311.wav,classical,476,341,927,795,867,647,761,453,554,136,557,224,595,552,739
classical.00343.wav,classical,771,254,505,125,565,861,455,57,250,990,644,234,941,123,324
classical.00657.wav,classical,440,662,479,741,284,40,340,594,778,876,317,295,942,893,752
classical.08876.wav,classical,217,683,51,222,132,839,461,415,865,299,884,604,845,618,739
classical.06280.wav,classical,823,565,200,316,368,575,414,645,863,499,580,105,505,479,71
classical.02912.wav,classical,416,212,956,227,433,814,5,431,880,630,387,352,13,748,492
classical.02168.wav,classical,118,239,918,385,944,387,914,400,973,200,959,915,59,510,924
classical.00884.wav,classical,790,984,842,846,117,28,575,300,185,76,376,733,447,57,752
classical.09671.wav,classical,238,613,935,484,984,519,475,694,282,149,84,139,78,814,667
classical.01087.wav,classical,884,423,537,434,284,912,303,5,615,329,636,241,540,240,195
country.02603.wav,country,869,808,704,635,986,834,243,282,983,249,884,399,663,492,692
country.00649.wav,country,226,426,144,765,674,962,767,68,578,851,973,425,145,45,705
country.03488.wav,country,120,332,517,70,229,804,923,68,854,171,650,663,958,554,812
country.08938.wav,country,597,152,633,566,729,893,380,43,438,425,860,157,822,565,215
country.03306.wav,country,727,54,791,794,95,685,187,424,765,313,717,783,310,24,531
country.00186.wav,country,378,231,438,104,269,69,474,283,828,721,691,336,804,704,509
country.04590.wav,country,631,620,118,517,625,423,854,528,546,595,936,117,98,600,983
country.04931.wav,country,66,94,961,577,70,499,713,632,922,535,944,105,766,262,240
country.03832.wav,country,342,616,225,209,766,869,74,782,766,717,985,223,518,906,655
country.00690.wav,country,200,954,826,121,161,27,433,396,931,169,541,591,394,10,43
country.01596.wav,country,419,168,569,26,76,448,38,642,75,792,328,405,568,536,382
country.02078.wav,country,94,830,995,928,579,114,909,875,422,308,738,156,404,967,917
country.07027.wav,country,58,994,556,380,720,799,923,650,783,601,938,145,75,48,482
country.03088.wav,country,458,496,806,31,916,805,81,940,382,896,295,382,176,785,328
country.00855.wav,country,459,292,36,819,711,977,615,515,789,301,735,224,220,718,919
country.04596.wav,country,559,759,316,178,160,1000,1000,303,21,782,985,155,628,693,688
country.04392.wav,country,980,39,583,855,805,862,601,618,502,732,734,151,663,847,166
country.05513.wav,country,133,300,632,681,418,270,363,230,491,168,608,843,202,398,297
country.09543.wav,country,559,52,305,322,582,829,865,798,781,436,619,331,941,343,16
country.00135.wav,country,425,807,73,742,314,985,845,736,714,361,406,404,980,813,776
country.05219.wav,country,694,603,771,663,838,785,650,866,594,100,634,259,910,678,840
country.07467.wav,country,784,452,892,841,689,278,693,288,532,643,228,87,428,972,102
country.08621.wav,country,628,30,26,466,656,764,873,997,826,765,136,675,643,454,297
country.06478.wav,country,617,50,398,772,337,86,5,323,306,380,917,986,506,269,969
country.05415.wav,country,219,446,715,901,267,784,589,791,531,1000,610,701,190,967,120
country.00757.wav,country,770,919,385,953,878,788,131,973,773,915,529,256,321,746,9
country.06692.wav,country,731,694,769,579,584,313,913,897,373,62,898,879,398,470,748
country.05550.wav,country,783,373,430,618,142,257,717,415,626,527,199,947,735,612,265
country.04085.wav,country,858,732,854,243,901,427,828,246,873,196,982,338,563,52,656
country.03069.wav,country,648,455,388,351,171,51,434,661,153,878,943,239,753,808,700
country.09240.wav,country,121,592,651,459,134,869,782,732,710,304,354,217,522,506,878
country.03720.wav,country,328,848,931,604,603,972,699,319,198,513,41,990,492,824,556
country.06838.wav,country,788,43,690,467,25,797,856,422,396,183,197,100,377,542,97
country.01820.wav,country,726,553,881,222,845,483,882,614,453,308,423,546,506,657,460
country.02597.wav,country,661,711,536,258,593,578,59,463,598,458,232,892,776,513,675
country.04254.wav,country,489,391,836,918,199,128,726,892,353,366,930,641,166,863,665
country.01657.wav,country,954,923,259,416,606,645,960,23,99,789,887,883,740,264,582
country.03888.wav,country,333,422,161,824,744,170,419,474,968,190,177,734,743,366,769
country.03379.wav,country,458,9,484,237,926,105,311,977,924,419,447,483,586,372,847
country.02775.wav,country,977,425,375,819,563,288,741,117,821,826,35,519,49,388,282
country.02873.wav,country,34,284,424,377,609,332,134,66,796,374,975,444,52,207,256
country.09955.wav,country,829,16,422,947,826,228,43,294,673,317,995,805,650,647,122
country.05916.wav,country,734,46,360,700,758,737,454,799,919,335,981,551,13,338,920
country.06184.wav,country,383,826,404,78,639,823,24,222,716,239,679,143,234,338,186
country.01600.wav,country,529,571,168,636,984,81,451,359,575,77,816,698,777,24,330
country.03151.wav,country,301,777,100,457,421,742,729,21,584,399,760,880,480,506,24
country.07651.wav,country,888,22,962,288,429,704,331,666,593,613,829,386,722,406,816
country.01767.wav,country,366,36,150,23,687,235,629,771,78,533,707,817,759,694,218
country.05956.wav,country,752,243,843,718,760,794,355,563,192,136,962,682,792,57,990
country.03030.wav,country,967,43,437,696,274,101,208,769,723,16,734,265,239,854,63
country.05782.wav,country,816,249,400,622,140,507,324,672,825,893,311,475,586,419,416
country.05326.wav,country,847,671,797,886,896,920,122,832,524,954,427,729,770,331,63
country.08630.wav,country,997,776,915,370,728,116,130,206,504,687,409,615,324,814,933
country.03278.wav,country,291,250,994,701,362,215,136,123,124,480,894,153,256,127,766
country.03626.wav,country,293,279,708,274,248,398,676,560,962,761,993,75,918,306,229
country.06237.wav,country,308,93,132,689,103,464,468,970,280,624,953,817,741,575,584
country.00611.wav,country,77,9,995,114,507,51,742,606,372,149,452,394,397,192,873
country.07669.wav,country,387,721,731,284,557,639,268,660,176,474,569,64,417,262,495
country.05278.wav,country,681,494,321,114,235,938,508,585,546,932,568,800,850,657,374
country.03710.wav,country,305,267,324,120,656,972,802,821,623,993,885,749,94,337,399
country.00840.wav,country,192,911,352,393,738,84,651,586,796,475,221,505,869,861,364
country.04555.wav,country,357,599,558,241,920,174,515,320,263,461,569,401,642,248,668
country.01834.wav,country,367,755,483,156,917,59,620,289,488,882,326,841,156,584,592
country.01355.wav,country,966,384,106,77,924,704,195,549,451,981,502,41,649,976,312
country.03813.wav,country,38,806,235,422,968,964,231,311,886,130,243,848,12,509,484
country.04509.wav,country,160,285,604,777,756,626,212,452,196,532,824,158,250,772,427
country.04284.wav,country,798,143,435,65,344,732,298,769,28,466,715,953,404,744,559
country.01674.wav,country,832,703,68,744,660,4,937,620,720,184,996,591,114,982,902
country.09284.wav,country,913,55,361,987,366,600,867,331,109,324,931,163,492,546,945
country.03532.wav,country,399,89,65,805,913,770,881,731,258,285,182,346,208,844,431
country.07439.wav,country,510,661,134,892,687,200,56,397,311,344,405,651,700,282,544
country.08106.wav,country,510,788,271,216,863,633,530,591,960,85,705,912,75,849,835
country.03166.wav,country,396,920,733,525,401,904,128,151,818,455,827,871,554,521,759
country.08587.wav,country,196,905,189,790,944,139,469,901,564,229,907,53,979,604,701
country.02542.wav,country,438,155,242,728,294,830,854,530,956,552,982,629,333,872,38
country.05580.wav,country,532,286,812,684,747,695,606,184,308,4,112,63,264,796,993
country.05066.wav,country,19,194,166,897,283,672,734,6,653,669,278,459,752,713,757
country.06874.wav,country,218,312,83,106,67,291,796,291,432,798,817,398,232,730,294
country.03796.wav,country,85,619,737,485,109,183,675,881,559,156,233,348,596,723,680
country.05055.wav,country,660,722,8,556,13,161,864,195,84,173,1,618,193,992,545
country.07040.wav,country,887,870,606,602,75,642,59,663,962,140,249,983,318,373,778
country.00561.wav,country,299,396,873,472,217,985,721,965,617,667,690,579,348,475,577
country.01370.wav,country,973,896,718,209,96,417,416,755,327,955,350,707,20,629,491
country.05895.wav,country,942,450,308,863,129,541,363,845,479,857,669,451,894,878,400
country.04915.wav,country,506,791,939,33,240,925,765,320,328,822,342,242,332,345,815
country.06111.wav,country,336,470,162,256,92,59,847,648,906,907,227,494,774,748,637
country.05322.wav,country,545,389,835,355,762,686,883,223,34,938,621,179,203,937,389
country.04436.wav,country,265,329,796,908,684,847,720,862,372,62,10,993,987,253,155
country.07856.wav,country,786,403,419,563,820,605,324,629,786,375,624,690,735,260,268
country.04100.wav,country,371,284,590,372,631,102,287,225,696,543,940,406,822,165,836
country.03164.wav,country,608,855,499,759,859,866,952,328,911,826,163,895,191,123,408
country.04535.wav,country,980,499,857,458,164,365,268,519,546,146,167,893,438,691,789
country.09194.wav,country,112,208,614,871,186,979,684,855,100,406,57,233,444,632,930
country.05977.wav,country,582,955,867,208,662,570,385,823,225,732,917,169,774,10,377
country.07534.wav,country,837,220,918,102,717,177,23,911,847,427,271,931,804,93,34
country.03605.wav,country,411,407,559,105,509,913,820,107,399,480,564,756,500,798,233
country.09193.wav,country,325,868,182,643,258,722,666,673,599,917,949,509,345,442,234
country.03214.wav,country,669,47,844,673,226,38,634,941,822,885,769,222,297,640,242
country.01176.wav,country,932,641,49,81,937,131,771,44,236,725,426,657,337,692,33
country.03958.wav,country,50,495,207,716,565,89,199,243,580,252,270,206,469,917,588
disco.01531.wav,disco,479,240,437,104,644,533,21,954,339,211,543,611,58,487,461
disco.00813.wav,disco,905,684,989,899,28,175,785,137,294,555,69,758,132,254,836
disco.05092.wav,disco,89,984,38,972,969,760,776,527,552,519,545,235,735,8,578
disco.03602.wav,disco,279,66,781,307,21,114,650,47,391,119,669,95,206,193,852
disco.08327.wav,disco,173,805,991,410,676,372,703,891,471,662,65,584,834,297,339
disco.04374.wav,disco,755,180,586,937,968,72,561,219,679,90,563,727,620,91,452
disco.02259.wav,disco,906,76,482,918,947,735,86,749,461,971,74,723,915,703,697
disco.02023.wav,disco,385,896,175,932,519,342,101,357,441,618,490,102,808,309,126
disco.08166.wav,disco,126,425,515,859,737,803,676,420,762,397,575,369,376,839,995
disco.00357.wav,disco,133,708,502,999,288,137,890,152,42,64,541,515,393,297,34
disco.04584.wav,disco,528,786,352,51,477,977,300,390,143,484,875,776,551,45,829
disco.04944.wav,disco,984,566,706,707,969,47,882,994,582,544,832,834,211,218,15
disco.09326.wav,disco,306,92,487,305,419,287,537,413,318,33,863,864,335,327,867
disco.09260.wav,disco,403,490,252,739,919,82,700,614,681,282,848,852,43,461,782
disco.09449.wav,disco,418,361,693,588,864,934,379,155,813,795,422,691,754,840,131
disco.04788.wav,disco,964,42,600,523,286,325,192,62,190,978,154,757,836,721,862
disco.07894.wav,disco,284,485,582,505,76,942,151,54,228,285,708,514,395,995,202
disco.06751.wav,disco,35,912,123,344,217,5,878,645,999,940,374,638,259,474,854
disco.09273.wav,disco,106,466,125,407,482,676,958,194,551,37,204,131,298,321,6
disco.02944.wav,disco,526,640,291,391,588,743,967,829,234,729,877,380,931,638,204
disco.00033.wav,disco,978,641,538,363,892,312,831,802,434,42,523,852,813,888,459
disco.00116.wav,disco,758,49,510,950,640,328,587,583,132,33,267,650,120,1,814
disco.00936.wav,disco,49,518,174,106,385,59,454,957,506,567,492,339,248,717,491
disco.09380.wav,disco,888,351,134,785,489,950,709,720,452,618,938,66,391,399,86
disco.09114.wav,disco,133,819,396,59,964,779,566,879,472,793,575,741,443,818,635
disco.08038.wav,disco,763,40,54,576,781,294,460,600,128,55,401,680,594,204,366
disco.08974.wav,disco,58,646,870,197,270,34,261,642,503,838,232,923,15,164,931
disco.06774.wav,disco,998,789,928,924,759,303,876,441,48,573,975,741,885,288,985
disco.00387.wav,disco,733,931,865,426,143,284,624,989,593,476,912,559,986,633,812
disco.09270.wav,disco,941,329,427,972,13,651,323,862,530,585,916,645,4,952,934
disco.04049.wav,disco,306,999,488,387,634,256,941,390,208,640,246,664,276,874,890
disco.03675.wav,disco,777,483,384,726,867,142,848,358,947,791,230,665,595,572,720
disco.00085.wav,disco,261,803,676,602,320,698,758,312,799,945,819,235,808,33,115
disco.09137.wav,disco,683,935,370,342,425,505,36,902,964,950,553,457,523,843,811
disco.06839.wav,disco,811,47,500,10,438,787,382,261,170,304,31,902,568,975,260
disco.02061.wav,disco,272,327,987,446,173,442,471,384,812,204,878,506,743,143,467
disco.08849.wav,disco,389,552,137,497,312,843,714,122,999,186,973,244,663,161,566
disco.03035.wav,disco,458,405,921,967,905,208,764,346,627,755,234,855,708,188,446
disco.06773.wav,disco,796,788,447,284,852,515,650,44,236,131,773,583,659,518,601
disco.06059.wav,disco,36,928,379,238,162,299,672,829,861,570,102,862,300,650,910
disco.00629.wav,disco,981,689,557,387,81,339,94,544,38,804,561,560,77,605,471
disco.01636.wav,disco,811,187,91,334,831,486,157,922,342,87,835,928,136,306,574
disco.05986.wav,disco,488,555,390,646,692,488,915,549,291,478,157,245,827,144,282
disco.09244.wav,disco,223,157,864,529,68,410,75,823,7,363,38,329,46,16,409
disco.05689.wav,disco,665,180,315,111,283,658,766,865,91,903,286,503,930,758,809
disco.07664.wav,disco,795,995,425,32,206,360,117,567,29,959,146,738,785,645,838
disco.05210.wav,disco,540,614,332,35,806,158,188,176,816,524,998,200,395,65,941
disco.00348.wav,disco,930,612,124,206,613,659,457,349,619,671,248,343,681,894,190
disco.05046.wav,disco,705,402,157,78,563,347,451,152,664,724,631,138,53,572,217
disco.02070.wav,disco,916,875,936,97,659,784,834,255,354,256,9,66,933,174,439
disco.01845.wav,disco,451,429,413,386,450,999,798,231,257,392,602,519,379,286,306
disco.03772.wav,disco,931,833,682,239,296,840,131,504,276,70,709,971,283,377,651
disco.01349.wav,disco,599,108,240,594,766,557,463,418,589,541,670,402,909,962,727
disco.09885.wav,disco,831,95,580,692,487,597,544,66,312,95,501,625,2,346,810
disco.03716.wav,disco,138,237,668,410,66,141,938,214,578,336,589,182,998,688,261
disco.07726.wav,disco,352,387,754,2,997,596,874,721,975,277,2,152,812,85,451
disco.01172.wav,disco,284,813,450,44,943,756,152,669,412,852,68,424,936,317,964
disco.03630.wav,disco,475,107,645,466,722,78,478,593,624,541,642,802,346,629,146
disco.01981.wav,disco,700,383,475,291,441,831,75,223,221,776,143,604,572,580,155
disco.00800.wav,disco,908,600,31,380,405,798,314,314,959,502,352,856,109,628,98
disco.09137.wav,disco,41,689,505,248,385,363,414,908,111,753,414,607,481,824,446
disco.01605.wav,disco,707,761,374,291,873,319,399,885,951,408,612,506,362,221,192
disco.09581.wav,disco,195,338,344,125,288,470,1,876,483,214,518,111,29,716,675
disco.08652.wav,disco,738,554,102,507,964,198,573,495,221,934,3,905,353,687,302
disco.03043.wav,disco,643,954,271,648,232,227,596,478,365,625,720,603,480,566,282
disco.03518.wav,disco,570,448,401,530,745,846,759,748,478,987,740,45,89,18,296
disco.06554.wav,disco,700,379,221,781,611,61,510,857,932,31,503,206,147,79,40
disco.01874.wav,disco,6,187,640,519,901,660,178,286,890,755,284,72,48,33,413
disco.07890.wav,disco,302,512,398,292,656,817,69,319,40,161,121,812,30,746,583
disco.06670.wav,disco,767,710,395,593,334,219,861,895,288,121,128,229,171,662,359
disco.03437.wav,disco,273,674,980,887,723,64,468,976,692,781,160,709,926,635,638
disco.06013.wav,disco,535,23,96,24,100,729,925,21,896,977,826,193,518,240,861
disco.03974.wav,disco,646,639,668,116,686,518,648,997,644,947,208,104,311,100,88
disco.02958.wav,disco,435,103,903,51,629,776,279,634,279,141,881,919,83,399,155
disco.08071.wav,disco,911,396,115,342,485,158,828,137,626,742,50,610,602,593,840
disco.04342.wav,disco,545,796,14,107,491,436,710,780,66,383,913,64,345,949,519
disco.06858.wav,disco,670,476,146,405,778,936,665,207,530,550,196,131,127,567,700
disco.07265.wav,disco,454,291,89,325,976,256,879,147,158,357,785,941,9,218,630
disco.03511.wav,disco,390,718,159,853,304,138,996,855,127,897,187,89,377,39,99
disco.07073.wav,disco,311,42,816,170,80,963,678,724,190,882,207,818,59,175,280
disco.02769.wav,disco,854,801,945,476,95,484,679,113,734,137,260,754,40,124,324
disco.09587.wav,disco,252,612,52,475,579,493,622,971,796,189,918,379,301,195,67
disco.00345.wav,disco,142,99,174,118,979,396,226,637,335,132,835,810,249,759,91
disco.03169.wav,disco,275,93,133,660,613,570,562,284,278,847,623,803,487,864,68
disco.05137.wav,disco,154,980,891,780,239,193,380,345,993,384,914,324,427,744,100
disco.01100.wav,disco,306,139,771,447,974,924,355,244,421,577,790,264,510,399,987
disco.01444.wav,disco,556,2,103,785,369,711,130,402,417,2,563,938,959,370,538
disco.06029.wav,disco,854,321,770,532,436,247,853,906,852,981,470,155,14,477,798
disco.04181.wav,disco,830,400,120,194,358,811,358,265,344,358,467,372,700,531,839
disco.01768.wav,disco,644,501,705,695,624,83,760,832,463,220,3,824,488,170,756
disco.09382.wav,disco,912,426,310,176,298,377,611,975,561,614,679,106,925,503,951
disco.05758.wav,disco,538,620,67,319,390,263,800,143,311,217,888,13,708,914,667
disco.00103.wav,disco,239,668,864,591,299,119,710,546,343,808,507,736,701,979,409
disco.02438.wav,disco,908,729,74,983,765,601,268,820,634,530,520,46,643,671,849
disco.06749.wav,disco,534,819,680,822,741,800,896,680,586,718,660,974,780,692,574
disco.03257.wav,disco,54,774,233,502,978,538,869,155,586,381,299,161,815,11,243
disco.08683.wav,disco,654,315,709,706,219,379,527,542,189,400,213,996,75,288,470
disco.02469.wav,disco,426,289,821,585,355,80,376,292,707,576,586,367,698,651,91
disco.04270.wav,disco,801,720,925,200,548,255,308,466,648,185,150,953,921,871,895
disco.04308.wav,disco,708,1,338,427,616,728,413,525,793,173,460,781,426,394,155
hiphop.01675.wav,hiphop,113,735,319,642,862,276,858,672,31,343,397,837,182,984,386
hiphop.03323.wav,hiphop,357,162,262,494,826,999,208,816,523,496,844,314,883,515,795
hiphop.09927.wav,hiphop,673,739,936,235,824,314,644,221,16,103,111,291,259,7,303
hiphop.08022.wav,hiphop,354,338,749,184,2,705,55,311,19,815,207,273,908,397,818
hiphop.09052.wav,hiphop,734,877,956,807,632,161,347,405,227,668,621,392,615,619,59
hiphop.09177.wav,hiphop,174,56,235,426,314,581,245,935,833,597,389,245,685,835,759
hiphop.03764.wav,hiphop,418,531,467,232,807,505,309,506,15,399,806,373,398,774,98
hiphop.09235.wav,hiphop,764,485,898,357,955,837,34,503,123,722,38,156,542,715,979
hiphop.00813.wav,hiphop,211,201,388,247,579,216,164,652,416,744,414,113,618,850,210
hiphop.05186.wav,hiphop,184,419,420,444,799,189,824,417,915,529,539,261,210,706,111
hiphop.05731.wav,hiphop,93,293,685,914,550,436,403,678,462,797,133,511,388,431,890
hiphop.03645.wav,hiphop,792,541,451,169,360,274,55,844,511,251,354,172,924,46,907
hiphop.06157.wav,hiphop,621,137,949,814,614,824,911,902,724,365,130,967,498,364,895
hiphop.07227.wav,hiphop,616,677,564,543,12,853,117,41,72,78,57,897,686,601,355
hiphop.04059.wav,hiphop,353,943,640,745,722,400,147,46,337,815,735,793,685,355,152
hiphop.06526.wav,hiphop,949,386,829,624,810,387,39,775,13,617,300,32,65,7,766
hiphop.08773.wav,hiphop,309,409,124,510,956,504,72,199,863,403,924,651,458,219,73
hiphop.09852.wav,hiphop,138,577,191,681,795,470,528,117,288,685,508,850,466,8,20
hiphop.07682.wav,hiphop,154,760,213,945,498,107,690,393,314,984,24,266,138,973,811
hiphop.08692.wav,hiphop,100,158,912,715,261,445,490,498,246,578,390,704,743,616,250
hiphop.01239.wav,hiphop,934,786,93,626,135,568,309,140,547,4,564,650,742,257,989
hiphop.01548.wav,hiphop,339,261,446,401,140,979,174,955,695,330,218,318,118,994,96
hiphop.04802.wav,hiphop,768,785,181,354,621,560,606,57,60,829,13,844,410,640,315
hiphop.00200.wav,hiphop,254,450,218,584,767,945,773,616,795,957,95,934,905,22,500
hiphop.01629.wav,hiphop,568,84,417,654,372,733,454,283,960,365,619,230,64,719,154
hiphop.00752.wav,hiphop,76,216,751,692,426,136,901,989,923,556,875,251,78,832,619
hiphop.04574.wav,hiphop,906,648,273,886,490,555,974,250,316,66,990,363,464,860,534
hiphop.02679.wav,hiphop,820,871,992,766,798,173,811,642,112,548,243,458,194,929,889
hiphop.09075.wav,hiphop,321,596,101,712,956,685,215,114,730,965,492,891,469,383,251
hiphop.02412.wav,hiphop,579,33,709,708,362,921,240,354,46,1000,974,906,77,534,515
hiphop.00964.wav,hiphop,99,501,208,464,700,230,407,884,497,517,332,234,103,928,792
hiphop.05481.wav,hiphop,382,108,543,394,277,915,918,183,925,4,496,295,922,604,723
hiphop.01454.wav,hiphop,765,697,923,238,45,95,825,396,590,187,409,39,984,1000,856
hiphop.05444.wav,hiphop,810,532,665,375,528,721,124,828,384,273,336,21,666,367,812
hiphop.03033.wav,hiphop,167,222,167,66,153,105,218,994,726,11,332,158,808,456,143
hiphop.00953.wav,hiphop,358,101,806,480,480,606,901,301,65,814,664,436,785,496,664
hiphop.01047.wav,hiphop,414,422,89,786,576,10,932,398,981,260,751,593,866,37,5
hiphop.01633.wav,hiphop,193,584,525,398,887,628,761,522,592,463,171,680,869,785,918
hiphop.09893.wav,hiphop,803,953,13,879,594,486,215,292,601,106,671,491,15,636,861
hiphop.00852.wav,hiphop,245,328,717,14,152,17,985,524,33,533,219,63,120,85,287
hiphop.03160.wav,hiphop,563,439,35,326,551,864,498,877,646,467,376,145,152,19,604
hiphop.01554.wav,hiphop,252,883,523,471,884,391,923,399,679,251,806,423,831,12,8
hiphop.07943.wav,hiphop,721,829,430,734,762,187,641,419,956,690,653,877,39,412,8
hiphop.00913.wav,hiphop,971,592,530,403,200,553,298,359,890,300,405,266,228,81,675
hiphop.05143.wav,hiphop,505,193,645,982,761,313,587,918,275,641,653,398,647,314,916
hiphop.07323.wav,hiphop,171,870,152,669,496,982,210,75,123,790,334,916,35,467,84
hiphop.07943.wav,hiphop,306,630,291,106,440,132,303,294,299,427,495,832,686,690,492
hiphop.09423.wav,hiphop,529,587,159,192,172,97,103,306,748,103,175,940,476,78,680
hiphop.09780.wav,hiphop,518,646,966,805,5,758,422,248,273,360,319,33,682,762,824
hiphop.08681.wav,hiphop,828,104,681,147,763,479,677,354,373,100,694,230,800,790,707
hiphop.02852.wav,hiphop,285,588,580,991,506,424,345,328,111,639,835,954,856,101,710
hiphop.04967.wav,hiphop,645,371,277,224,533,512,188,115,605,343,867,888,373,810,620
hiphop.07404.wav,hiphop,47,30,799,442,237,249,786,303,840,657,568,143,76,125,212
hiphop.07865.wav,hiphop,168,531,232,666,223,841,337,364,880,106,986,189,924,247,795
hiphop.06373.wav,hiphop,533,935,595,832,32,537,970,163,675,839,584,799,823,924,806
hiphop.08783.wav,hiphop,934,161,700,302,137,31,626,849,157,808,303,809,214,5,847
hiphop.07432.wav,hiphop,630,780,304,111,943,389,273,88,954,290,652,135,933,532,889
hiphop.06770.wav,hiphop,182,100,270,767,768,355,868,583,932,980,389,184,29,769,520
hiphop.00708.wav,hiphop,370,422,80,194,625,496,752,224,696,711,587,595,493,213,873
hiphop.01182.wav,hiphop,9,792,966,984,580,68,281,706,557,103,215,667,388,830,285
hiphop.02610.wav,hiphop,858,927,340,137,933,901,592,587,586,359,236,485,649,550,155
hiphop.02680.wav,hiphop,233,937,967,426,512,301,151,317,106,252,956,33,439,302,906
hiphop.04389.wav,hiphop,140,541,436,99,531,117,625,104,566,738,94,894,567,687,496
hiphop.01949.wav,hiphop,28,306,990,595,636,807,688,778,168,841,585,437,979,76,882
hiphop.06232.wav,hiphop,224,199,172,822,572,545,640,698,492,44,336,921,25,616,463
hiphop.09840.wav,hiphop,189,154,734,985,639,37,188,604,429,813,743,802,17,407,896
hiphop.03893.wav,hiphop,969,782,336,234,814,259,79,130,701,492,130,888,368,489,429
hiphop.01453.wav,hiphop,535,109,502,984,629,123,129,910,236,989,821,436,21,113,900
hiphop.03004.wav,hiphop,75,338,582,643,952,938,471,117,778,981,987,618,905,595,232
hiphop.06472.wav,hiphop,771,369,14,632,877,412,382,564,704,4,360,383,949,215,333
hiphop.08127.wav,hiphop,876,501,368,880,60,399,683,761,181,139,666,889,264,899,710
hiphop.03712.wav,hiphop,346,251,377,318,140,315,406,599,198,1,859,710,278,580,75
hiphop.05887.wav,hiphop,74,713,535,3,215,280,607,891,982,481,343,206,101,20,321
hiphop.04584.wav,hiphop,601,849,19,7,662,515,920,382,758,162,575,183,13,878,959
hiphop.04739.wav,hiphop,173,299,283,496,751,928,295,351,774,202,445,729,135,970,990
hiphop.05483.wav,hiphop,919,501,381,809,525,789,703,373,111,386,626,795,199,550,346
hiphop.03476.wav,hiphop,374,516,39,789,609,907,334,253,647,854,135,79,626,604,414
hiphop.01249.wav,hiphop,30,702,962,931,733,932,898,308,90,925,739,605,892,457,244
hiphop.05740.wav,hiphop,317,134,308,988,582,969,944,6,615,457,665,94,195,14,417
hiphop.08933.wav,hiphop,914,743,254,522,299,918,413,327,816,545,460,909,157,312,381
hiphop.03806.wav,hiphop,72,316,122,201,598,361,461,385,539,596,979,688,364,18,22
hiphop.04259.wav,hiphop,919,375,135,837,622,434,166,583,696,665,958,505,690,274,557
hiphop.03887.wav,hiphop,41,550,94,250,513,325,267,852,594,159,274,285,788,176,38
hiphop.03675.wav,hiphop,785,618,300,240,861,976,709,49,21,115,269,655,715,167,606
hiphop.01150.wav,hiphop,361,72,920,359,570,899,666,840,553,238,549,398,244,970,771
hiphop.03898.wav,hiphop,585,718,715,75,870,402,188,855,931,168,773,584,525,676,315
hiphop.04793.wav,hiphop,304,529,525,47,368,910,36,644,539,252,312,117,440,416,140
hiphop.01033.wav,hiphop,621,407,992,539,947,328,703,635,229,399,493,623,593,455,475
hiphop.02004.wav,hiphop,176,485,974,383,467,999,136,477,283,45,353,264,62,503,991
hiphop.02991.wav,hiphop,583,42,550,31,708,176,158,268,668,393,231,62,675,145,286
hiphop.02974.wav,hiphop,733,891,852,224,454,589,420,347,63,225,707,777,503,672,884
hiphop.04072.wav,hiphop,377,441,249,493,985,111,441,249,617,224,469,289,737,279,23
hiphop.04504.wav,hiphop,266,249,480,45,79,458,175,176,338,975,102,418,733,261,248
hiphop.02609.wav,hiphop,631,351,760,709,576,834,672,695,145,399,768,808,957,504,390
hiphop.07306.wav,hiphop,102,716,601,522,220,15,541,675,440,793,871,460,975,740,327
hiphop.00373.wav,hiphop,739,784,979,842,350,482,851,91,987,888,86,691,91,830,714
hiphop.08724.wav,hiphop,15,777,68,313,782,678,665,4,873,59,480,413,624,831,745
hiphop.08336.wav,hiphop,479,70,634,761,50,581,34,653,52,472,257,246,682,264,298
hiphop.00956.wav,hiphop,487,969,91,263,396,660,413,790,784,838,111,717,543,825,679
hiphop.05703.wav,hiphop,395,584,675,83,864,802,435,525,295,478,464,227,518,468,457
jazz.09016.wav,jazz,936,695,832,330,532,97,380,26,152,331,258,208,748,479,290
jazz.00336.wav,jazz,865,197,125,997,482,179,221,233,760,73,785,49,189,375,65
jazz.03381.wav,jazz,327,556,314,973,67,962,253,443,437,793,918,396,860,447,315
jazz.01721.wav,jazz,431,791,624,829,734,284,775,111,703,330,299,96,320,321,586
jazz.09399.wav,jazz,929,962,730,284,672,818,521,655,96,889,891,114,95,258,745
jazz.08682.wav,jazz,713,33,539,37,250,302,568,908,571,932,618,429,650,753,931
jazz.07177.wav,jazz,539,408,618,91,798,237,272,16,593,610,490,879,792,861,806
jazz.09414.wav,jazz,746,258,491,923,833,512,420,579,920,836,307,812,352,659,198
jazz.01628.wav,jazz,480,999,599,552,772,650,436,452,231,763,598,998,690,65,954
jazz.02465.wav,jazz,176,658,113,196,162,184,540,165,431,370,590,573,475,937,233
jazz.00234.wav,jazz,372,656,539,704,520,280,465,777,103,418,886,151,449,635,947
jazz.06406.wav,jazz,87,909,618,547,373,155,52,985,553,83,494,214,54,307,30
jazz.08541.wav,jazz,734,962,508,770,224,314,73,514,229,624,330,716,851,25,470
jazz.04684.wav,jazz,435,76,970,968,856,342,256,743,852,454,135,774,919,581,847
jazz.09175.wav,jazz,346,864,309,621,128,195,560,898,574,523,922,288,664,311,671
jazz.06514.wav,jazz,684,767,532,543,76,83,711,292,106,709,226,742,494,773,125
jazz.02486.wav,jazz,89,503,564,710,907,773,39,833,922,361,550,656,528,652,790
jazz.08784.wav,jazz,386,895,164,144,227,575,937,989,784,441,867,754,336,266,3
jazz.06438.wav,jazz,511,843,848,317,599,391,508,82,421,42,584,738,829,899,193
jazz.05273.wav,jazz,710,704,148,730,563,53,855,231,838,462,599,466,907,785,246
jazz.01742.wav,jazz,878,173,286,744,502,426,701,534,43,409,812,608,505,105,810
jazz.06493.wav,jazz,973,709,319,320,344,339,276,109,966,756,367,592,115,127,500
jazz.05923.wav,jazz,141,632,380,958,417,400,424,684,313,739,912,68,761,821,499
jazz.01269.wav,jazz,256,359,454,815,5,854,72,198,539,812,248,254,311,785,801
jazz.03035.wav,jazz,605,876,325,977,99,590,15,459,234,121,449,719,618,205,718
jazz.03875.wav,jazz,872,281,853,827,636,809,558,733,994,791,658,708,543,782,501
jazz.06523.wav,jazz,797,861,933,888,863,507,46,434,572,287,108,518,157,983,763
jazz.09735.wav,jazz,212,610,753,749,543,754,561,101,68,443,142,408,647,100,500
jazz.04156.wav,jazz,602,373,707,286,204,519,384,785,48,461,624,629,27,937,831
jazz.08800.wav,jazz,323,385,102,86,908,305,246,86,844,566,188,456,84,249,414
jazz.03937.wav,jazz,296,515,674,421,811,429,427,569,707,227,56,900,178,766,751
jazz.05791.wav,jazz,590,475,562,843,771,609,158,102,425,585,653,195,242,780,719
jazz.06778.wav,jazz,629,382,231,891,340,98,20,201,828,289,633,805,436,241,335
jazz.04092.wav,jazz,885,424,10,968,739,728,222,561,682,727,236,611,933,387,948
jazz.07682.wav,jazz,364,115,641,796,179,647,177,240,271,643,69,791,671,388,540
jazz.05571.wav,jazz,675,254,707,961,854,982,667,466,663,611,44,495,369,792,169
jazz.09376.wav,jazz,397,535,865,808,808,316,754,584,133,794,742,159,128,548,900
jazz.01622.wav,jazz,427,201,970,15,622,727,567,292,208,264,767,298,408,976,767
jazz.05000.wav,jazz,136,533,239,524,512,576,331,635,655,234,461,77,658,426,271
jazz.09428.wav,jazz,998,94,891,149,408,620,282,808,289,849,48,531,274,754,119
jazz.04382.wav,jazz,272,423,541,221,404,491,572,470,117,804,427,544,647,836,318
jazz.04855.wav,jazz,315,629,703,256,739,301,135,545,60,458,413,395,206,14,260
jazz.07516.wav,jazz,330,689,601,850,685,69,217,780,267,519,757,993,258,961,60
jazz.06882.wav,jazz,381,912,269,950,110,255,672,902,638,763,878,603,949,616,51
jazz.08537.wav,jazz,655,271,783,876,301,403,579,974,692,513,708,977,364,437,720
jazz.07016.wav,jazz,367,709,307,361,754,960,545,239,962,95,330,573,216,887,271
jazz.09621.wav,jazz,669,810,314,519,646,327,447,307,207,886,594,935,442,892,990
jazz.00211.wav,jazz,321,702,571,517,17,832,105,825,80,116,640,849,169,18,303
jazz.01476.wav,jazz,747,159,658,715,112,581,391,681,260,889,858,94,208,611,673
jazz.08101.wav,jazz,421,501,311,553,103,574,900,152,888,123,175,284,318,79,342
jazz.06043.wav,jazz,427,502,697,236,938,590,140,537,472,147,708,818,123,537,3
jazz.03912.wav,jazz,583,566,711,210,440,991,734,80,859,525,773,997,905,794,840
jazz.02112.wav,jazz,231,660,552,997,642,50,864,173,663,135,790,866,982,180,98
jazz.09428.wav,jazz,418,492,943,315,283,746,348,939,820,922,601,83,631,118,439
jazz.09041.wav,jazz,999,696,267,315,651,307,826,412,583,384,784,270,446,384,626
jazz.06315.wav,jazz,141,275,80,692,307,27,30,210,75,514,833,534,109,887,676
jazz.04334.wav,jazz,85,41,546,825,671,578,287,920,806,355,966,155,53,896,280
jazz.03943.wav,jazz,383,871,481,694,311,698,952,525,858,191,372,156,785,520,27
jazz.00298.wav,jazz,137,932,839,130,763,503,141,747,249,903,514,282,51,209,625
jazz.00559.wav,jazz,484,364,634,626,93,840,450,900,988,560,270,69,780,620,473
jazz.00606.wav,jazz,976,483,627,557,922,258,751,44,755,292,746,191,318,83,51
jazz.00067.wav,jazz,850,156,639,686,651,848,389,694,790,523,121,506,944,92,343
jazz.09693.wav,jazz,133,92,606,935,701,112,583,553,946,392,903,150,994,342,280
jazz.04550.wav,jazz,278,354,154,780,524,174,927,944,587,545,25,194,178,241,109
jazz.07640.wav,jazz,862,870,148,597,36,857,521,768,831,42,205,75,796,834,116
jazz.00603.wav,jazz,188,2,190,287,121,307,583,608,141,859,393,612,113,617,173
jazz.08997.wav,jazz,681,900,97,135,985,613,394,227,601,452,412,356,80,956,955
jazz.04092.wav,jazz,839,37,610,979,200,311,636,887,941,399,937,744,156,351,759
jazz.02755.wav,jazz,433,362,951,111,919,945,452,711,921,470,148,928,854,119,539
jazz.01849.wav,jazz,831,149,944,104,634,939,21,523,497,897,470,663,221,757,446
jazz.04579.wav,jazz,237,736,896,271,843,88,595,733,19,607,883,248,947,252,572
jazz.06569.wav,jazz,432,958,602,298,938,27,476,104,579,727,900,13,548,908,65
jazz.05352.wav,jazz,480,355,723,535,941,352,793,486,740,405,245,773,26,606,404
jazz.03345.wav,jazz,685,441,92,857,501,837,806,507,111,6,572,594,367,221,660
jazz.06926.wav,jazz,330,368,688,604,914,812,673,93,496,794,103,995,923,797,837
jazz.05506.wav,jazz,805,329,969,831,311,414,24,881,247,239,984,270,646,91,531
jazz.07864.wav,jazz,390,43,939,764,292,509,373,450,350,507,457,397,102,375,247
jazz.05336.wav,jazz,532,442,714,499,167,470,202,849,48,550,708,633,592,976,572
jazz.05019.wav,jazz,857,729,922,909,975,300,688,446,205,1000,351,392,548,931,70
jazz.00882.wav,jazz,307,688,743,616,4,982,149,543,557,494,582,519,624,588,126
jazz.05227.wav,jazz,966,99,885,168,502,580,471,250,666,137,414,400,974,429,370
jazz.00127.wav,jazz,999,579,277,402,317,428,543,550,916,942,989,671,847,248,830
jazz.04358.wav,jazz,454,818,958,456,730,753,527,657,935,225,201,585,984,842,95
jazz.02696.wav,jazz,486,761,270,808,918,166,515,923,282,938,438,858,376,897,258
jazz.06430.wav,jazz,497,117,596,723,950,618,530,138,33,313,249,496,561,826,649
jazz.00005.wav,jazz,196,358,40,896,215,498,10,316,479,802,266,897,277,971,123
jazz.09993.wav,jazz,990,143,869,32,619,334,747,709,28,814,337,520,685,925,357
jazz.04698.wav,jazz,342,347,718,86,367,932,305,879,720,885,698,192,569,480,837
jazz.00633.wav,jazz,300,735,311,895,530,594,477,707,658,165,210,226,569,390,984
jazz.06923.wav,jazz,673,599,795,195,514,154,395,987,654,198,743,689,390,24,666
jazz.08854.wav,jazz,964,931,691,676,149,280,760,71,240,620,35,530,45,652,76
jazz.05646.wav,jazz,696,978,550,582,557,965,353,759,598,494,157,807,598,227,866
jazz.04768.wav,jazz,828,508,545,200,277,755,784,235,159,878,772,331,512,56,41
jazz.04764.wav,jazz,418,698,720,132,448,929,322,536,183,174,970,997,952,526,208
jazz.05424.wav,jazz,344,517,86,74,119,586,774,413,413,576,331,622,863,539,159
jazz.01720.wav,jazz,495,648,513,79,436,842,829,745,340,838,474,25,385,109,536
jazz.02285.wav,jazz,833,630,966,417,614,778,709,896,848,44,298,208,103,325,309
jazz.09429.wav,jazz,967,320,875,919,390,120,206,336,918,191,75,730,185,6,474
jazz.02101.wav,jazz,885,589,874,153,214,284,541,801,523,21,912,863,800,922,414
jazz.04168.wav,jazz,118,68,707,807,644,204,193,947,359,556,599,77,521,24,608
metal.08593.wav,metal,380,632,429,384,447,802,124,116,832,724,130,654,660,938,136
metal.00443.wav,metal,631,918,400,84,656,264,312,884,814,846,132,321,271,323,491
metal.02207.wav,metal,960,178,93,839,1000,422,452,448,55,473,725,879,726,456,537
metal.00892.wav,metal,599,323,739,41,254,757,30,632,458,120,187,456,485,799,358
metal.03499.wav,metal,522,800,622,941,203,434,205,436,513,103,279,202,219,498,716
metal.02883.wav,metal,80,740,435,40,689,195,748,387,238,263,54,109,472,564,512
metal.00955.wav,metal,418,465,828,421,904,147,919,834,779,383,602,489,849,555,399
metal.06212.wav,metal,223,863,137,513,648,429,581,514,17,26,524,911,95,555,274
metal.04922.wav,metal,642,595,664,101,484,767,776,276,836,675,587,931,241,915,24
metal.08078.wav,metal,548,925,825,330,377,282,598,78,425,381,538,786,693,262,23
metal.03723.wav,metal,810,34,606,497,718,338,835,748,105,281,713,524,864,335,255
metal.02776.wav,metal,769,41,949,477,78,286,413,127,439,945,827,498,811,505,689
metal.00827.wav,metal,719,661,357,713,653,262,117,684,74,761,55,837,165,781,903
metal.02717.wav,metal,697,836,801,137,436,338,462,68,159,177,532,811,534,464,234
metal.08257.wav,metal,779,717,117,754,626,271,562,841,456,825,51,690,384,955,838
metal.05724.wav,metal,571,847,881,604,320,294,19,123,340,265,649,779,410,542,56
metal.02082.wav,metal,195,508,154,369,624,662,307,903,920,910,137,948,369,494,53
metal.04727.wav,metal,577,4,723,230,94,977,427,561,739,775,79,172,636,965,83
metal.07910.wav,metal,68,113,784,713,979,25,185,587,200,53,276,857,535,33,267
metal.00253.wav,metal,703,444,514,397,881,119,513,265,877,503,689,781,310,845,865
metal.08921.wav,metal,639,225,393,434,971,673,139,133,979,753,773,469,234,75,922
metal.07646.wav,metal,373,41,190,56,940,209,777,136,683,54,572,201,871,7,897
metal.03069.wav,metal,802,46,81,564,427,567,3,744,8,732,757,931,614,554,550
metal.08828.wav,metal,423,845,596,912,169,905,640,414,979,450,509,917,453,337,9
metal.06378.wav,metal,460,744,340,807,704,699,220,321,835,995,563,192,391,605,821
metal.00042.wav,metal,627,25,145,224,276,985,793,249,377,523,367,253,990,437,578
metal.02224.wav,metal,724,922,669,230,904,743,1000,387,679,427,19,81,947,777,888
metal.01785.wav,metal,900,785,669,748,560,864,624,364,118,742,965,225,942,767,638
metal.03364.wav,metal,906,357,839,48,832,915,600,115,510,680,201,600,15,270,624
metal.05778.wav,metal,160,226,167,790,266,423,405,953,702,122,923,306,258,829,649
metal.09352.wav,metal,929,182,283,176,432,983,260,23,199,452,203,796,781,105,73
metal.02048.wav,metal,325,961,68,252,117,712,347,659,69,805,485,340,483,48,942
metal.07561.wav,metal,96,29,26,522,21,814,383,89,573,196,973,268,642,152,708
metal.03709.wav,metal,96,594,885,32,298,262,625,726,326,574,986,274,123,500,118
metal.00366.wav,metal,110,14,739,179,805,172,582,885,678,69,647,103,432,188,113
metal.02278.wav,metal,374,621,273,1000,136,504,799,191,935,449,422,741,498,8,490
metal.00853.wav,metal,717,58,399,250,788,149,278,116,954,306,810,192,521,565,247
metal.02713.wav,metal,259,946,422,616,623,446,313,999,442,498,791,894,741,836,562
metal.07147.wav,metal,890,271,647,91,822,807,741,431,922,981,326,850,418,767,107
metal.05710.wav,metal,996,572,117,396,893,219,495,31,858,843,151,59,563,614,336
metal.00610.wav,metal,495,721,130,664,884,556,280,388,484,354,879,965,897,494,201
metal.08157.wav,metal,39,828,28,655,690,457,559,615,348,420,938,906,653,701,211
metal.01703.wav,metal,88,860,407,119,348,74,974,277,829,548,687,543,280,10,763
metal.03116.wav,metal,933,399,294,171,732,958,172,669,324,112,631,385,498,481,881
metal.04532.wav,metal,164,734,720,710,89,810,542,252,774,573,184,554,583,872,740
metal.07397.wav,metal,836,762,156,763,561,697,156,610,813,15,355,144,915,219,990
metal.09846.wav,metal,605,265,279,812,895,695,324,215,962,433,412,740,450,592,93
metal.05546.wav,metal,534,297,249,496,898,513,601,230,770,746,670,592,401,6,425
metal.08576.wav,metal,609,887,32,244,398,980,327,109,438,714,131,918,271,939,464
metal.09041.wav,metal,408,913,241,592,145,169,865,842,66,334,303,286,504,76,557
metal.01016.wav,metal,912,974,820,280,94,198,196,593,660,275,190,988,101,360,63
metal.07783.wav,metal,331,528,607,52,74,484,464,763,409,954,614,924,939,368,655
metal.02016.wav,metal,102,855,376,383,31,356,452,297,476,554,37,713,772,325,74
metal.02795.wav,metal,749,219,179,193,760,106,120,316,651,224,455,81,58,296,846
metal.06445.wav,metal,110,289,645,674,854,48,341,171,159,707,187,179,246,968,435
metal.02510.wav,metal,291,944,777,937,485,569,458,345,248,902,852,194,578,606,499
metal.00669.wav,metal,551,896,652,608,562,334,141,431,381,862,206,76,542,593,614
metal.08942.wav,metal,826,954,937,258,245,562,646,557,477,835,381,201,556,733,625
metal.04335.wav,metal,427,887,787,154,326,742,521,31,267,2,806,199,685,59,699
metal.03971.wav,metal,619,893,42,235,905,150,852,194,200,961,334,358,179,752,292
metal.00884.wav,metal,190,449,617,809,504,868,727,484,890,889,695,333,983,516,232
metal.05918.wav,metal,156,3,805,278,327,139,152,143,214,128,803,706,391,161,80
metal.00159.wav,metal,513,718,890,494,540,388,125,847,236,510,55,524,586,60,85
metal.06630.wav,metal,377,34,475,365,556,332,947,762,506,12,914,310,620,536,462
metal.02166.wav,metal,935,468,293,604,222,182,190,764,37,466,932,211,177,947,751
metal.09706.wav,metal,334,771,528,142,416,73,353,229,95,388,68,420,56,511,322
metal.09620.wav,metal,212,518,267,158,431,341,742,426,602,589,778,690,332,370,167
metal.08579.wav,metal,431,209,71,997,529,482,403,207,502,663,908,379,397,578,936
metal.09071.wav,metal,419,997,493,500,586,450,892,408,414,502,200,45,491,306,127
metal.07550.wav,metal,732,187,642,759,546,8,516,176,727,355,891,245,4,987,654
metal.04541.wav,metal,759,800,561,202,475,859,795,218,287,948,528,61,85,842,384
metal.07539.wav,metal,691,586,796,561,165,462,344,616,265,965,494,911,268,46,494
metal.07355.wav,metal,395,639,842,554,771,164,295,764,236,939,308,35,332,809,713
metal.05636.wav,metal,536,145,931,45,352,722,282,493,583,489,385,745,331,253,125
metal.00767.wav,metal,527,610,863,237,582,116,917,301,792,834,574,588,580,992,160
metal.00117.wav,metal,692,705,344,667,891,294,68,414,241,876,542,492,151,78,48
metal.09502.wav,metal,972,485,47,698,215,315,174,25,130,11,648,210,712,791,126
metal.05098.wav,metal,231,734,623,622,71,594,947,114,399,456,889,583,290,217,730
metal.00999.wav,metal,590,310,246,547,294,713,851,225,194,895,627,982,12,168,365
metal.06779.wav,metal,723,538,525,1000,236,316,661,849,42,404,741,723,420,124,592
metal.05075.wav,metal,828,182,721,842,665,573,60,157,358,390,544,727,872,807,27
metal.02701.wav,metal,603,651,330,824,297,836,175,35,386,867,239,939,176,758,638
metal.08399.wav,metal,267,915,644,684,81,407,293,79,919,132,943,352,612,86,740
metal.04096.wav,metal,275,521,164,193,261,875,938,577,487,539,364,995,918,999,394
metal.03175.wav,metal,774,616,22,443,537,52,639,212,128,5,177,598,406,671,619
metal.07346.wav,metal,620,866,874,623,417,882,348,795,868,544,336,980,666,885,295
metal.05013.wav,metal,277,288,530,234,918,652,984,850,961,86,759,411,701,121,651
metal.09931.wav,metal,675,378,667,424,797,434,707,890,768,463,250,330,439,255,506
metal.00368.wav,metal,486,85,884,786,325,151,535,39,100,470,356,973,815,266,57
metal.05644.wav,metal,797,607,726,30,893,492,325,991,825,622,892,249,36,597,134
metal.00011.wav,metal,563,522,476,142,840,662,121,494,223,952,899,743,758,598,485
metal.05776.wav,metal,757,114,535,41,152,634,22,747,820,184,621,576,292,870,226
metal.00526.wav,metal,190,164,987,310,226,241,660,508,121,600,532,656,876,326,143
metal.05644.wav,metal,666,399,474,140,790,651,835,930,435,330,935,870,526,328,62
metal.09120.wav,metal,845,484,146,878,356,11,946,355,269,899,260,680,135,669,5
metal.02702.wav,metal,589,247,590,917,331,977,926,211,862,76,348,260,575,36,201
metal.00131.wav,metal,236,124,662,626,543,740,251,301,504,51,149,501,704,709,559
metal.03050.wav,metal,883,137,105,720,460,382,803,908,564,357,10,572,767,931,630
metal.07750.wav,metal,44,142,874,675,216,989,168,271,17,229,782,554,331,434,18
metal.06691.wav,metal,604,775,19,57,990,299,738,213,662,77,511,940,412,387,979
pop.02657.wav,pop,331,834,392,967,796,411,176,757,774,698,64,637,523,209,795
pop.01670.wav,pop,390,217,530,85,387,210,74,757,228,605,704,648,831,360,93
pop.05509.wav,pop,97,409,6,616,679,360,802,357,509,287,875,520,537,679,689
pop.02131.wav,pop,163,712,604,212,125,317,732,471,490,538,302,902,51,137,357
pop.03498.wav,pop,180,158,265,814,234,71,399,236,370,504,123,952,526,540,102
pop.05650.wav,pop,131,57,677,447,525,704,824,599,642,676,898,733,339,585,908
pop.03446.wav,pop,544,778,160,241,314,260,159,344,213,863,63,56,653,517,516
pop.08624.wav,pop,178,152,803,322,729,405,872,415,147,852,11,464,948,428,985
pop.05770.wav,pop,734,271,368,270,381,255,174,548,891,725,999,541,460,3,920
pop.01266.wav,pop,68,742,461,919,869,117,23,536,849,842,315,933,202,871,309
pop.02608.wav,pop,212,255,448,352,620,957,747,83,4,421,243,336,682,505,905
pop.05401.wav,pop,486,393,265,913,409,889,753,7,707,570,674,459,538,300,898
pop.00031.wav,pop,213,195,437,622,690,487,494,155,789,965,569,130,227,620,519
pop.04749.wav,pop,43,64,288,124,535,63,687,859,166,375,970,896,134,276,36
pop.02222.wav,pop,809,640,922,560,255,967,414,23,754,53,859,633,192,54,826
pop.08931.wav,pop,468,838,906,889,432,922,851,299,921,961,819,541,890,403,489
pop.09884.wav,pop,512,481,83,660,915,162,634,688,854,647,421,54,538,421,830
pop.07362.wav,pop,461,571,169,591,471,381,997,129,484,571,67,957,792,870,924
pop.04294.wav,pop,804,816,256,197,974,548,573,426,65,444,297,289,589,640,154
pop.08024.wav,pop,576,682,541,145,252,269,804,237,19,762,54,879,945,635,852
pop.04860.wav,pop,603,463,57,570,232,710,439,868,812,65,654,259,362,696,898
pop.09029.wav,pop,975,968,522,644,758,30,819,662,943,765,152,591,608,810,71
pop.03758.wav,pop,675,142,811,43,460,836,929,564,810,967,450,950,206,726,33
pop.04662.wav,pop,676,961,38,908,707,70,681,307,255,908,838,484,888,227,901
pop.06703.wav,pop,160,818,405,602,565,344,781,958,188,335,265,927,246,709,616
pop.07465.wav,pop,807,191,364,516,221,476,602,1,268,309,467,398,395,121,212
pop.09599.wav,pop,242,303,582,333,257,157,893,715,349,901,583,990,719,596,820
pop.03996.wav,pop,204,856,505,636,709,698,747,814,409,479,309,918,255,256,451
pop.02393.wav,pop,965,360,508,192,383,675,793,674,858,955,313,367,815,356,812
pop.08924.wav,pop,189,116,360,745,718,289,370,998,170,796,97,614,147,628,647
pop.00175.wav,pop,234,73,939,982,530,174,1,563,119,55,692,549,739,131,960
pop.09255.wav,pop,438,168,475,75,34,603,945,672,545,388,309,141,139,329,128
pop.09128.wav,pop,560,56,314,475,725,357,336,150,869,223,635,319,548,765,544
pop.03554.wav,pop,712,817,179,792,487,20,34,841,164,845,679,356,706,464,880
pop.05734.wav,pop,333,787,689,446,320,783,165,297,205,149,70,527,265,680,147
pop.03749.wav,pop,232,674,957,852,865,655,87,582,469,6,622,666,621,759,244
pop.03715.wav,pop,996,61,435,730,19,882,837,93,829,343,546,309,397,510,19
pop.05005.wav,pop,151,367,637,237,203,287,885,861,164,500,663,489,745,526,821
pop.09254.wav,pop,7,334,451,294,16,243,238,776,11,719,411,154,610,952,376
pop.09913.wav,pop,156,971,130,602,17,558,504,947,489,275,817,743,416,634,233
pop.08860.wav,pop,185,808,499,628,566,59,261,28,106,24,514,965,246,244,934
pop.08216.wav,pop,237,650,768,103,728,682,732,206,963,169,534,139,511,341,91
pop.09627.wav,pop,290,950,878,671,622,463,691,758,809,999,500,185,70,574,912
pop.07238.wav,pop,891,340,716,895,889,160,960,300,845,665,299,176,22,486,155
pop.00031.wav,pop,631,950,57,15,413,640,743,708,487,863,151,871,602,128,919
pop.02872.wav,pop,324,235,620,228,788,73,777,461,878,7,634,467,990,536,340
pop.02157.wav,pop,859,771,834,720,146,767,795,590,955,127,974,429,155,874,180
pop.06414.wav,pop,410,671,399,944,445,105,189,768,554,281,158,734,693,838,927
pop.00528.wav,pop,608,629,452,517,468,868,614,625,620,365,968,658,308,713,12
pop.05622.wav,pop,346,423,372,672,768,899,279,493,205,482,531,56,371,168,903
pop.05649.wav,pop,884,632,699,807,697,196,837,352,679,753,716,519,693,676,69
pop.00129.wav,pop,205,609,898,75,489,224,787,138,935,449,769,338,803,982,415
pop.08414.wav,pop,7,874,143,808,109,226,254,509,987,386,273,11,749,964,154
pop.00772.wav,pop,336,484,869,929,155,951,895,612,347,350,522,772,638,131,75
pop.04498.wav,pop,543,915,593,330,683,118,930,279,749,73,661,380,247,985,933
pop.09222.wav,pop,678,501,247,191,45,958,264,527,843,936,862,737,794,525,388
pop.06410.wav,pop,980,715,578,443,255,751,102,571,401,506,846,784,272,733,68
pop.09548.wav,pop,836,377,207,584,603,839,89,201,137,999,119,357,934,228,145
pop.01640.wav,pop,261,265,977,725,881,630,952,402,89,486,246,388,937,146,516
pop.00880.wav,pop,858,497,58,564,177,985,193,945,248,891,208,196,467,168,157
pop.01534.wav,pop,193,314,761,942,350,74,866,305,766,13,655,871,74,472,627
pop.06107.wav,pop,496,180,650,239,318,164,645,282,594,335,447,358,502,729,609
pop.09420.wav,pop,728,162,737,892,784,925,112,839,8,60,808,151,486,808,381
pop.03941.wav,pop,146,997,791,101,370,43,154,71,957,412,772,67,704,894,531
pop.01559.wav,pop,437,440,692,870,649,695,358,624,127,158,569,633,162,673,160
pop.09020.wav,pop,251,50,183,565,712,42,988,803,626,772,693,14,146,642,529
pop.05278.wav,pop,79,420,38,267,267,400,338,405,282,760,148,48,426,478,268
pop.07226.wav,pop,342,904,485,969,981,99,154,814,808,459,710,563,96,631,7
pop.07152.wav,pop,464,718,471,569,40,18,34,62,748,424,803,858,749,888,18
pop.02219.wav,pop,323,997,403,574,823,105,607,840,163,501,471,196,605,167,739
pop.01996.wav,pop,153,391,376,380,998,714,248,526,200,178,570,312,203,174,539
pop.07099.wav,pop,779,92,740,798,309,804,359,285,746,662,698,49,860,767,566
pop.04990.wav,pop,261,456,421,592,902,80,624,359,644,980,295,647,536,725,124
pop.06675.wav,pop,294,773,576,705,198,913,342,35,657,910,458,605,283,919,320
pop.00869.wav,pop,591,136,940,112,925,666,699,830,630,298,895,960,713,128,519
pop.07558.wav,pop,803,895,545,832,261,795,282,101,935,792,103,311,840,765,695
pop.09353.wav,pop,873,735,585,261,438,342,550,302,791,592,718,867,927,339,241
pop.03076.wav,pop,437,610,952,730,366,776,907,618,3,495,379,577,962,37,873
pop.09821.wav,pop,514,411,571,277,530,78,912,562,23,102,260,558,693,841,508
pop.01964.wav,pop,966,815,615,812,893,625,814,994,686,572,880,455,10,165,704
pop.00640.wav,pop,596,780,210,541,240,797,266,548,600,581,527,296,555,54,946
pop.05411.wav,pop,94,59,655,176,737,358,920,212,738,10,364,49,263,626,241
pop.08205.wav,pop,629,573,146,369,663,169,567,818,121,980,788,645,721,837,217
pop.00457.wav,pop,668,950,847,806,770,79,137,746,678,493,902,511,866,301,260
pop.05484.wav,pop,261,305,339,402,623,666,48,217,716,185,903,846,739,891,345
pop.06047.wav,pop,447,148,493,461,385,804,473,565,349,645,431,233,33,414,892
pop.05656.wav,pop,863,626,75,816,583,859,128,217,748,443,65,350,937,548,492
pop.04408.wav,pop,718,205,453,469,400,464,956,491,183,523,716,289,295,39,447
pop.00434.wav,pop,638,357,103,669,474,631,600,698,982,960,581,162,970,92,1000
pop.03197.wav,pop,264,637,341,404,838,97,99,209,599,751,152,732,144,866,617
pop.07890.wav,pop,419,485,385,876,808,315,248,898,395,780,224,521,854,41,368
pop.01523.wav,pop,658,595,242,237,506,745,120,957,966,435,802,765,908,82,88
pop.03020.wav,pop,650,933,497,126,693,838,653,244,225,721,553,138,852,832,618
pop.09055.wav,pop,127,706,913,231,62,600,639,923,416,75,686,350,994,620,155
pop.06518.wav,pop,842,810,486,221,861,347,381,486,101,9,365,655,574,921,495
pop.03520.wav,pop,678,105,215,854,876,246,754,279,942,153,277,927,139,396,128
pop.06616.wav,pop,73,443,246,910,308,330,306,333,451,614,538,846,685,761,332
pop.04824.wav,pop,208,610,544,858,271,744,743,809,528,956,421,369,523,14,342
pop.04560.wav,pop,892,383,329,740,73,283,839,840,194,533,990,144,224,136,371
pop.05045.wav,pop,615,551,550,673,116,630,145,281,920,232,406,792,461,677,914
reggae.09469.wav,reggae,700,315,890,471,522,963,443,582,240,729,416,119,693,449,101
reggae.07768.wav,reggae,335,542,444,99,976,22,425,529,24,83,537,656,997,196,627
reggae.02568.wav,reggae,972,515,675,870,640,259,6,889,897,460,551,960,76,275,284
reggae.01959.wav,reggae,790,141,433,484,736,422,913,418,225,939,953,936,209,573,423
reggae.01677.wav,reggae,704,43,578,799,213,505,250,785,980,942,458,898,231,486,326
reggae.00621.wav,reggae,104,49,725,863,139,427,634,266,108,300,420,217,816,798,207
reggae.01319.wav,reggae,856,154,69,870,988,210,41,609,467,287,445,403,868,77,85
reggae.05213.wav,reggae,439,178,302,663,570,96,714,949,616,566,515,681,900,598,278
reggae.03670.wav,reggae,274,923,229,870,796,79,413,107,302,158,211,266,455,477,215
reggae.01653.wav,reggae,952,292,655,207,251,538,674,203,892,95,893,46,614,547,90
reggae.03993.wav,reggae,420,248,575,326,841,345,109,482,108,511,249,428,942,607,578
reggae.00254.wav,reggae,548,884,824,462,938,832,645,578,819,371,17,783,302,475,208
reggae.02698.wav,reggae,411,579,762,128,776,769,519,778,319,639,280,70,273,900,587
reggae.09267.wav,reggae,941,182,227,875,117,271,377,833,455,261,284,825,696,588,467
reggae.03238.wav,reggae,355,228,919,752,795,131,508,12,442,526,43,215,652,977,353
reggae.00745.wav,reggae,178,593,332,499,68,13,47,13,946,929,856,161,677,428,157
reggae.03233.wav,reggae,210,310,616,703,644,782,554,569,990,175,760,589,11,363,770
reggae.01116.wav,reggae,241,684,303,617,363,426,534,281,505,53,302,634,574,198,665
reggae.06993.wav,reggae,824,709,194,539,461,680,18,81,941,980,55,660,483,383,480
reggae.04147.wav,reggae,780,691,699,66,467,945,532,497,792,130,806,926,681,927,423
reggae.08062.wav,reggae,35,578,206,661,57,851,304,760,662,478,790,107,9,398,205
reggae.05830.wav,reggae,131,606,909,957,210,990,322,503,818,974,318,860,118,139,645
reggae.01874.wav,reggae,342,238,430,287,147,809,165,976,508,509,400,968,343,555,451
reggae.01334.wav,reggae,261,597,795,16,490,12,268,557,996,110,456,107,455,155,155
reggae.05162.wav,reggae,378,208,113,265,302,78,605,855,916,54,453,808,906,70,16
reggae.07469.wav,reggae,531,569,929,510,413,330,619,238,205,260,16,245,912,753,340
reggae.08110.wav,reggae,908,225,284,643,50,896,812,801,971,850,718,848,382,464,664
reggae.00242.wav,reggae,800,776,679,239,434,215,25,351,378,156,732,3,24,222,25
reggae.01145.wav,reggae,970,517,253,672,276,130,317,666,826,634,332,787,232,982,214
reggae.06914.wav,reggae,290,422,539,791,715,841,128,878,783,191,385,630,559,432,55
reggae.00620.wav,reggae,281,262,584,12,762,507,745,79,114,843,881,295,751,337,67
reggae.09766.wav,reggae,877,775,806,752,799,792,767,285,932,739,277,623,334,588,36
reggae.07261.wav,reggae,236,338,491,214,683,848,210,871,134,936,512,343,467,327,506
reggae.02105.wav,reggae,893,694,728,879,461,237,934,856,866,682,808,145,85,606,748
reggae.06472.wav,reggae,910,593,134,846,392,805,243,892,226,831,70,884,828,736,86
reggae.04029.wav,reggae,641,57,261,494,687,445,470,188,422,775,374,634,828,283,214
reggae.02807.wav,reggae,737,583,881,249,304,246,760,961,337,496,466,715,837,42,380
reggae.02776.wav,reggae,476,784,63,414,511,977,158,1000,232,887,57,206,947,498,358
reggae.06922.wav,reggae,798,719,7,182,946,381,407,922,759,694,207,731,402,365,97
reggae.04489.wav,reggae,448,308,888,20,162,545,32,76,276,725,514,448,126,627,532
reggae.09014.wav,reggae,867,271,138,813,372,92,527,374,308,333,283,75,347,235,71
reggae.06570.wav,reggae,535,517,746,551,461,684,248,170,363,724,648,76,167,788,918
reggae.09704.wav,reggae,14,71,720,452,989,910,972,821,56,644,39,451,543,23,143
reggae.03251.wav,reggae,206,238,397,893,474,807,533,922,797,829,658,262,987,378,273
reggae.02234.wav,reggae,30,183,789,423,704,418,15,528,841,541,370,717,764,171,757
reggae.06157.wav,reggae,163,54,5,727,773,88,920,335,124,496,929,147,321,674,289
reggae.05799.wav,reggae,545,493,518,161,704,261,292,67,628,18,740,861,16,830,703
reggae.07075.wav,reggae,729,983,748,612,870,197,945,984,443,89,10,973,301,450,820
reggae.00946.wav,reggae,368,85,361,314,320,103,548,82,536,874,658,475,761,64,323
reggae.06263.wav,reggae,630,737,178,522,952,3,866,561,880,584,250,580,150,60,200
reggae.03914.wav,reggae,612,159,883,832,9,625,153,196,170,850,693,454,692,526,533
reggae.09177.wav,reggae,548,242,387,16,485,386,702,979,499,408,26,27,242,243,297
reggae.02294.wav,reggae,772,491,171,101,905,432,274,597,231,981,929,61,684,308,684
reggae.08614.wav,reggae,92,299,126,750,21,334,314,5,483,321,888,554,493,172,641
reggae.08342.wav,reggae,507,510,62,328,542,416,616,855,80,7,42,836,501,520,94
reggae.03625.wav,reggae,853,327,143,593,590,620,119,999,573,465,935,782,511,64,307
reggae.09173.wav,reggae,947,664,56,116,726,762,46,67,134,215,172,180,265,539,527
reggae.00243.wav,reggae,109,455,810,335,810,346,552,857,436,588,520,140,103,795,508
reggae.00266.wav,reggae,14,604,659,652,275,465,578,146,296,302,501,654,372,77,591
reggae.02607.wav,reggae,583,511,206,544,334,319,921,375,222,330,755,699,283,199,52
reggae.02086.wav,reggae,403,778,395,573,330,123,666,909,398,999,595,886,501,577,450
reggae.04567.wav,reggae,588,738,765,449,594,991,217,789,782,998,48,909,359,283,351
reggae.01304.wav,reggae,63,352,986,500,669,504,355,975,100,1000,8,198,237,403,4
reggae.01218.wav,reggae,443,269,222,566,323,557,319,608,729,369,618,906,272,860,972
reggae.07313.wav,reggae,376,759,359,805,596,300,741,174,789,900,743,269,472,164,369
reggae.09376.wav,reggae,849,4,729,219,331,912,435,591,286,774,251,447,714,231,74
reggae.06681.wav,reggae,734,932,155,261,212,634,175,788,577,492,4,274,911,579,638
reggae.05200.wav,reggae,159,318,783,634,294,874,315,432,721,877,609,498,194,746,778
reggae.03025.wav,reggae,886,474,596,42,608,285,240,550,936,266,903,661,564,110,356
reggae.04256.wav,reggae,936,669,329,455,1000,178,860,346,698,208,264,181,220,227,322
reggae.09547.wav,reggae,646,814,461,727,376,274,225,259,281,215,712,393,2,975,604
reggae.07029.wav,reggae,134,874,912,125,180,810,633,74,450,501,522,611,348,575,996
reggae.00410.wav,reggae,976,483,147,171,767,586,783,775,775,334,21,527,214,132,621
reggae.07305.wav,reggae,772,429,253,858,774,599,390,691,964,889,976,277,892,737,802
reggae.06632.wav,reggae,925,920,606,827,22,638,520,156,499,784,802,316,933,21,645
reggae.08727.wav,reggae,598,467,408,939,417,34,962,249,710,85,129,716,148,281,184
reggae.06725.wav,reggae,841,600,714,344,147,443,792,665,739,993,433,862,287,492,913
reggae.03598.wav,reggae,972,904,528,740,970,263,571,415,765,257,909,344,638,535,944
reggae.04813.wav,reggae,627,909,451,187,564,328,328,215,287,716,272,377,863,859,490
reggae.04278.wav,reggae,29,384,647,355,254,65,908,434,594,219,832,607,991,306,449
reggae.06910.wav,reggae,975,656,575,705,685,628,655,727,553,977,821,595,355,864,276
reggae.00585.wav,reggae,379,272,32,512,135,845,933,366,834,610,410,552,115,985,960
reggae.02675.wav,reggae,218,56,285,431,404,137,528,864,403,376,527,889,178,532,922
reggae.08582.wav,reggae,791,262,374,628,786,835,799,120,434,929,370,141,585,795,373
reggae.02096.wav,reggae,929,336,476,216,607,471,758,856,600,722,975,167,999,156,673
reggae.02692.wav,reggae,357,684,690,332,176,629,944,5,708,981,359,87,613,256,812
reggae.05677.wav,reggae,69,468,162,501,161,653,538,387,973,461,371,548,82,726,464
reggae.07065.wav,reggae,468,674,841,292,814,44,520,348,250,640,235,804,850,638,347
reggae.01334.wav,reggae,698,775,540,525,86,468,33,106,925,548,803,698,22,288,466
reggae.08391.wav,reggae,658,579,790,33,132,422,417,950,858,159,548,117,705,833,787
reggae.00694.wav,reggae,281,843,684,10,840,283,442,520,418,167,633,33,147,112,261
reggae.07565.wav,reggae,346,720,370,563,74,847,410,998,363,764,606,796,552,936,225
reggae.07448.wav,reggae,700,234,558,275,809,51,581,789,313,42,590,313,683,273,148
reggae.00566.wav,reggae,334,121,620,402,6,269,788,763,117,388,492,976,948,309,351
reggae.00848.wav,reggae,88,102,135,6,468,798,792,333,793,686,117,224,804,340,306
reggae.05620.wav,reggae,255,68,312,395,849,529,124,129,821,101,350,157,693,861,190
reggae.08268.wav,reggae,220,1,971,443,93,384,7,253,711,835,484,745,264,926,635
reggae.05832.wav,reggae,352,222,397,836,696,864,920,745,422,166,473,71,302,142,92
reggae.05185.wav,reggae,61,814,635,235,34,343,981,284,987,638,274,788,955,847,926
reggae.01950.wav,reggae,975,369,587,435,410,884,215,358,560,517,848,73,705,921,191
rock.07967.wav,rock,378,296,792,202,214,470,229,690,451,293,264,358,393,246,512
rock.06022.wav,rock,412,120,287,10,31,66,663,600,746,87,588,752,692,323,919
rock.03788.wav,rock,958,177,444,427,468,302,505,20,532,984,689,854,370,753,192
rock.04364.wav,rock,537,479,774,994,841,337,991,725,70,831,238,251,267,992,238
rock.08357.wav,rock,872,23,354,83,391,395,564,154,309,784,696,721,912,881,509
rock.01680.wav,rock,325,814,966,662,594,529,240,542,661,424,599,301,903,184,25
rock.09035.wav,rock,746,645,840,276,26,928,570,454,941,816,390,582,443,854,993
rock.02137.wav,rock,798,734,973,410,696,315,982,933,320,591,118,761,548,811,58
rock.05861.wav,rock,214,869,16,400,153,8,856,571,602,518,56,797,806,13,553
rock.07546.wav,rock,75,999,210,796,417,603,956,923,438,178,237,105,959,258,917
rock.07946.wav,rock,912,743,184,107,883,870,692,872,737,803,288,440,160,875,322
rock.04981.wav,rock,60,689,876,903,337,804,924,425,680,880,835,391,230,845,36
rock.03933.wav,rock,265,424,75,185,898,470,937,748,451,737,472,533,267,768,784
rock.00091.wav,rock,683,280,474,875,707,72,516,871,799,259,257,943,736,556,417
rock.00554.wav,rock,49,22,972,485,16,197,777,112,41,786,908,923,993,63,605
rock.04676.wav,rock,544,458,144,742,335,24,81,176,969,87,300,548,958,805,792
rock.08380.wav,rock,73,138,169,155,381,767,800,397,814,457,140,869,545,183,65
rock.07020.wav,rock,90,556,336,271,950,984,605,638,281,191,478,791,88,226,615
rock.08668.wav,rock,557,762,754,208,145,313,111,741,236,690,328,783,854,405,256
rock.01769.wav,rock,939,175,176,661,210,882,350,112,731,588,58,555,647,58,525
rock.08904.wav,rock,286,965,103,602,958,947,10,207,740,725,277,240,810,137,77
rock.02636.wav,rock,70,506,564,362,983,642,529,405,331,667,131,898,618,384,6
rock.01160.wav,rock,62,112,983,588,453,96,871,455,495,399,805,609,734,601,58
rock.00628.wav,rock,592,287,778,633,443,299,765,121,751,280,794,546,298,146,511
rock.01026.wav,rock,721,321,767,435,79,33,640,990,903,896,124,294,650,375,15
rock.00260.wav,rock,181,253,417,470,903,289,278,392,627,910,662,433,837,289,299
rock.01166.wav,rock,790,997,113,616,292,284,246,92,617,193,415,247,476,693,415
rock.02457.wav,rock,69,153,50,332,188,465,91,491,584,416,54,771,236,248,672
rock.02339.wav,rock,358,789,764,101,770,497,216,40,758,861,570,707,957,409,699
rock.05927.wav,rock,959,556,645,914,231,370,174,632,563,363,185,915,947,160,639
rock.03703.wav,rock,204,592,485,210,188,329,323,647,997,521,336,59,72,105,68
rock.08508.wav,rock,533,957,341,325,614,610,242,536,512,52,426,332,460,690,394
rock.09828.wav,rock,927,526,183,932,175,303,973,643,570,947,904,284,42,338,168
rock.08630.wav,rock,439,422,444,284,896,812,864,468,637,43,404,326,924,28,736
rock.02581.wav,rock,817,626,1,739,52,883,107,866,143,380,624,958,293,248,803
rock.00609.wav,rock,653,934,431,795,863,505,292,381,575,211,602,594,33,172,77
rock.00012.wav,rock,109,673,615,24,139,936,133,820,434,657,479,459,80,562,276
rock.08118.wav,rock,257,905,495,717,919,929,60,235,808,972,791,951,565,615,747
rock.01558.wav,rock,176,548,70,138,192,97,840,951,799,424,624,457,811,409,988
rock.00747.wav,rock,707,353,558,707,57,590,157,414,959,678,498,890,79,199,968
rock.02654.wav,rock,846,632,931,72,448,993,999,328,332,250,531,888,388,601,71
rock.08308.wav,rock,895,570,951,62,710,614,379,890,162,422,123,659,514,913,482
rock.01910.wav,rock,822,671,617,889,260,342,220,793,202,577,5,183,29,184,114
rock.03648.wav,rock,3,649,761,951,246,176,793,308,599,908,310,335,607,196,344
rock.06752.wav,rock,715,203,328,90,874,937,302,599,205,965,501,15,338,746,895
rock.07219.wav,rock,929,47,757,316,848,770,88,376,918,514,565,537,148,409,71
rock.02881.wav,rock,430,560,786,784,681,718,523,276,630,40,905,548,57,73,57
rock.01281.wav,rock,608,510,250,768,931,536,193,480,850,88,192,899,965,571,914
rock.05239.wav,rock,980,96,12,313,661,755,95,334,355,733,174,902,928,817,101
rock.09040.wav,rock,486,785,413,687,152,454,969,350,948,544,218,350,193,246,770
rock.07435.wav,rock,91,798,750,303,11,704,648,612,10,348,616,118,569,42,537
rock.08988.wav,rock,606,405,852,969,252,151,643,460,857,750,650,330,201,225,273
rock.00876.wav,rock,963,576,289,809,413,949,647,341,244,706,648,244,107,293,954
rock.04063.wav,rock,664,934,386,953,851,391,972,929,239,830,388,868,724,40,483
rock.09864.wav,rock,701,907,648,451,718,815,617,790,6,44,807,98,28,60,161
rock.04647.wav,rock,916,303,440,836,436,518,817,174,600,758,286,814,895,144,950
rock.01075.wav,rock,316,396,726,149,662,89,902,716,179,981,421,370,411,826,146
rock.09314.wav,rock,210,47,114,227,752,913,554,626,373,529,526,941,543,730,110
rock.09597.wav,rock,897,750,677,457,19,350,960,477,942,688,835,483,566,224,841
rock.04951.wav,rock,43,378,468,314,530,424,182,308,583,562,150,293,671,846,262
rock.09757.wav,rock,975,456,975,607,863,48,985,648,723,738,833,22,468,346,345
rock.05474.wav,rock,107,908,477,734,55,90,278,558,360,750,848,533,53,403,900
rock.07576.wav,rock,299,432,912,976,81,147,965,742,457,409,594,559,646,938,952
rock.03239.wav,rock,69,209,944,257,84,465,281,895,902,443,482,211,370,863,855
rock.04999.wav,rock,768,304,813,604,311,263,848,380,218,87,170,565,182,258,441
rock.01893.wav,rock,845,27,199,597,175,630,756,746,200,709,491,83,261,304,69
rock.01968.wav,rock,940,895,778,755,791,836,978,60,25,700,194,784,240,132,841
rock.06771.wav,rock,592,744,371,751,496,738,266,101,786,7,120,797,739,373,930
rock.01113.wav,rock,684,1,582,383,350,391,467,284,815,230,645,112,527,73,650
rock.01249.wav,rock,78,45,818,892,853,828,877,762,393,146,743,601,4,709,916
rock.02080.wav,rock,676,180,726,282,729,425,609,216,637,252,312,198,829,32,304
rock.01569.wav,rock,108,437,696,386,123,724,825,941,502,902,595,980,426,712,346
rock.02316.wav,rock,305,228,809,935,790,381,211,831,927,779,846,578,561,505,589
rock.09553.wav,rock,170,555,111,137,607,929,861,230,244,774,617,561,7,180,424
rock.06946.wav,rock,134,151,903,715,301,949,325,422,194,898,982,130,188,315,493
rock.09446.wav,rock,936,523,490,88,949,103,719,216,960,402,176,16,780,801,248
rock.02378.wav,rock,649,978,888,616,931,323,853,432,235,832,633,817,457,781,344
rock.02211.wav,rock,499,225,669,495,884,111,954,894,551,844,88,446,89,202,30
rock.08619.wav,rock,357,341,50,538,480,451,142,832,937,747,69,330,673,898,107
rock.09127.wav,rock,168,884,972,538,891,740,408,364,379,958,751,547,776,520,102
rock.04613.wav,rock,153,121,849,239,472,643,754,610,495,400,819,996,514,820,919
rock.02134.wav,rock,832,521,442,243,158,165,472,229,403,200,45,24,649,986,986
rock.00897.wav,rock,786,897,687,172,323,490,621,305,963,641,692,857,973,4,328
rock.06250.wav,rock,788,541,486,444,885,614,333,603,967,363,793,321,12,643,877
rock.03629.wav,rock,239,625,385,131,171,377,778,395,294,90,916,41,113,346,500
rock.09213.wav,rock,152,338,238,457,180,379,770,911,278,891,237,856,420,878,750
rock.08658.wav,rock,761,743,79,882,442,508,416,413,105,507,891,996,244,808,903
rock.00705.wav,rock,63,537,179,920,223,553,231,672,884,5,401,901,812,997,230
rock.01293.wav,rock,310,182,930,357,579,890,79,877,985,121,184,287,574,765,287
rock.01766.wav,rock,498,545,333,230,744,110,754,131,653,25,237,838,900,875,897
rock.09751.wav,rock,202,124,825,595,843,474,596,93,463,462,485,271,756,751,250
rock.01968.wav,rock,637,466,778,268,779,810,594,554,376,823,752,205,251,77,707
rock.02948.wav,rock,41,1,889,732,66,207,333,367,565,941,683,63,742,531,47
rock.01233.wav,rock,697,63,698,367,131,961,422,664,861,564,189,390,328,664,606
rock.00651.wav,rock,889,709,371,802,686,852,920,187,58,332,215,7,464,630,441
rock.09267.wav,rock,756,894,189,878,49,265,700,371,523,293,519,496,708,698,904
rock.02938.wav,rock,743,976,745,84,135,806,157,295,94,575,892,453,801,203,52
rock.09342.wav,rock,416,823,695,240,287,642,753,58,209,246,652,711,476,891,287
rock.03627.wav,rock,604,387,194,497,347,118,882,353,291,92,17,31,980,790,81
rock.01877.wav,rock,796,941,496,127,518,904,368,581,739,684,487,473,320,15,992
