filename,genre,mfcc,chroma,mel,contrast,tonnetz
blues.00093.wav,blues,"[[-3.57296936e+02 -4.61930969e+02 -4.72654816e+02 ... -4.21746155e+02
  -4.20844360e+02 -4.01051117e+02]
 [ 1.26664246e+02  1.43330933e+02  1.37488922e+02 ...  1.59321838e+02
   1.62390472e+02  1.53911804e+02]
 [ 1.19500484e+01  3.93442154e+01  4.68211212e+01 ...  2.90110264e+01
   3.08535137e+01  1.77656631e+01]
 ...
 [-3.75544131e-01  1.79199619e+01  1.10982838e+01 ... -3.16134167e+00
   1.36310446e+00  1.40989876e+01]
 [ 5.91707468e+00  9.70609283e+00  7.04736233e+00 ...  1.66339672e+00
   3.93535995e+00  8.50158024e+00]
 [-3.91634047e-01 -4.11588287e+00 -5.91269398e+00 ... -1.18499720e+00
  -1.25191438e+00 -2.30094218e+00]]","[[0.7639972  0.506196   0.7346852  ... 0.17198545 0.20164782 0.14056611]
 [0.8273931  0.4717641  0.57533854 ... 0.10614821 0.14789341 0.13221222]
 [0.9466158  0.55013275 0.5550287  ... 0.07493374 0.11562798 0.15133025]
 ...
 [0.5817821  0.39853337 0.8237569  ... 0.14051646 0.20423083 0.51662815]
 [0.5995296  0.3995535  0.86057293 ... 0.13410419 0.15071397 0.24755609]
 [0.6742835  0.45211387 0.8212878  ... 0.17196238 0.18359987 0.15897937]]","[[3.2637414e-01 6.2970214e-02 3.3444915e-02 ... 1.2839074e-01
  1.8277544e-01 7.3179133e-02]
 [9.3156475e-01 1.6998117e+00 1.3484392e+00 ... 3.8789904e-01
  6.4365834e-01 6.1304229e-01]
 [1.5299994e+00 5.2497697e+00 4.8147144e+00 ... 2.0136586e-01
  4.4764945e-01 1.0887103e+00]
 ...
 [2.0426733e-06 1.3309596e-09 1.0122025e-09 ... 1.7007592e-09
  1.7039347e-09 1.1901071e-06]
 [1.8124714e-06 1.1409672e-09 2.3089279e-09 ... 7.0813116e-10
  8.6636476e-10 1.1374117e-06]
 [1.7054602e-06 1.1043868e-09 1.1210639e-09 ... 5.1854876e-10
  1.7986121e-09 1.1051736e-06]]","[[ 4.09845013 17.52545817 15.42522989 ... 13.919772   12.9109098
  15.08856483]
 [ 6.90687828 18.05046979 11.51643265 ... 14.15668652 22.23124272
  15.81366852]
 [ 3.45413077 12.43291032 14.64370742 ... 18.73406747 15.27303026
  12.7069417 ]
 ...
 [ 5.13802037 18.26553555 17.01030799 ... 19.94212572 21.95890987
  17.32340589]
 [ 3.67213143 13.69988989 13.45520086 ... 16.05472597 19.46005061
  14.14958981]
 [ 7.52920761 21.83759265 24.75716159 ... 32.24813341 29.38133689
  11.59352944]]","[[ 0.14800293  0.18695572  0.2248169  ...  0.20134644  0.1798688
   0.15788677]
 [-0.10302696 -0.14201002 -0.17707457 ... -0.16775186 -0.16283227
  -0.13192654]
 [ 0.03562779  0.03637653  0.0314656  ... -0.06939421 -0.05673787
  -0.0533298 ]
 [ 0.21281612  0.23916503  0.2593976  ... -0.126078   -0.11961519
  -0.09693139]
 [ 0.06099058  0.07038524  0.07829198 ...  0.00678408  0.00652048
   0.0042133 ]
 [-0.01016367 -0.01763388 -0.02569413 ...  0.11624817  0.11173791
   0.09479664]]"
blues.00087.wav,blues,"[[-1.22930061e+02 -1.59658600e+02 -1.70354065e+02 ... -2.91210999e+02
  -3.03742065e+02 -2.96565369e+02]
 [ 1.13751854e+02  1.03669067e+02  1.17873596e+02 ...  1.59187302e+02
   1.51593628e+02  1.35102356e+02]
 [-2.36510715e+01 -2.42570210e+01 -1.85146484e+01 ...  7.49666262e+00
   3.80037951e+00  8.85752392e+00]
 ...
 [-3.97897220e+00 -9.87007904e+00 -5.21943092e+00 ... -8.56446838e+00
  -8.23977375e+00 -2.39083633e+01]
 [-1.37258530e+00 -3.07677460e+00 -1.18673954e+01 ... -3.80699968e+00
  -2.40908003e+00 -6.62283802e+00]
 [-8.91404897e-02 -7.25843191e-01  1.42411938e+01 ... -1.00161762e+01
  -4.99589920e+00 -1.04834318e+00]]","[[0.3955369  0.27251533 0.23821507 ... 0.74507326 0.8340181  0.9620967 ]
 [0.36532795 1.         1.         ... 1.         1.         0.70669764]
 [0.5757375  0.6772024  0.28922424 ... 0.7929658  0.8796003  0.4305725 ]
 ...
 [0.50383097 0.44185278 0.18754688 ... 0.40614578 0.40600866 1.        ]
 [1.         0.5946181  0.16631168 ... 0.4287965  0.5472649  0.7436215 ]
 [0.97841835 0.33810103 0.11511767 ... 0.58677286 0.7271539  0.865793  ]]","[[9.60370827e+00 8.21302509e+00 7.88366985e+00 ... 1.43555403e-01
  1.14034973e-01 1.16897948e-01]
 [4.22480583e+01 9.93700562e+01 1.01474724e+02 ... 1.24914014e+00
  1.82831907e+00 1.27250636e+00]
 [5.87175293e+01 1.26559990e+02 1.44331726e+02 ... 1.77013445e+00
  2.99141860e+00 1.36704695e+00]
 ...
 [1.38360338e-04 2.83377695e-08 1.89303684e-08 ... 5.38929719e-08
  2.03107735e-08 6.30695540e-09]
 [1.21003824e-04 2.33065167e-09 2.12240736e-09 ... 1.00716298e-08
  4.93005325e-09 4.59555771e-09]
 [1.13573216e-04 1.29403621e-09 1.56888158e-09 ... 1.44425893e-09
  1.29677868e-09 5.56920021e-09]]","[[11.4453663  19.44896171 25.2705333  ... 16.92628286 19.67426525
  14.98735601]
 [ 6.28229452 15.88341045 16.46235123 ...  9.67777565 10.63420282
   8.71561178]
 [12.23356469 26.9150607  20.44116583 ... 16.4775803  12.56880268
  18.43286031]
 ...
 [11.93396114 22.44488433 21.36000652 ... 20.48942145 17.50823696
  19.31075002]
 [15.68177675 22.32907768 22.5011744  ... 19.46183283 18.5303747
  17.94611368]
 [12.22285205 41.55544375 41.88913241 ... 32.2546155  31.51165326
  31.30909123]]","[[-0.0300609  -0.01155962 -0.02540127 ...  0.05778624  0.04688982
   0.04382873]
 [-0.05617499 -0.09258218 -0.1298316  ... -0.1415071  -0.14722683
  -0.13759567]
 [-0.17482716 -0.26754183 -0.31108991 ... -0.00360579  0.00327136
   0.009687  ]
 [-0.02156807  0.00561536  0.02468093 ...  0.03370366  0.04387277
   0.05149178]
 [ 0.05072679  0.0856955   0.09760845 ... -0.04753534 -0.05371321
  -0.052714  ]
 [-0.0201094  -0.02307929 -0.01772816 ... -0.04485713 -0.05039565
  -0.04602837]]"
blues.00050.wav,blues,"[[-199.72823   -209.50641   -211.02756   ... -166.5915    -180.71046
  -188.10028  ]
 [ 103.82125     86.260666    80.76831   ...  155.61383    163.60449
   146.89906  ]
 [ -35.702316   -34.08625    -44.78264   ...  -40.951427   -34.136585
   -37.21108  ]
 ...
 [ -20.846554   -15.621928   -13.082516  ...  -12.488314   -19.114464
   -12.699678 ]
 [   4.950172    10.650877     9.86898   ...   20.650837    10.670388
    20.114248 ]
 [  -4.871178    -6.2699714  -16.62794   ...   12.532017     9.027718
     1.5540313]]","[[0.26692897 0.08995402 0.08186258 ... 0.3721218  0.8780816  0.28378552]
 [0.2085552  0.04652943 0.04598722 ... 0.80201197 0.38405648 0.6866199 ]
 [0.31276822 0.07090248 0.06210305 ... 1.         0.3386023  0.7159433 ]
 ...
 [0.17513552 0.06537083 0.04027839 ... 0.6138953  0.43972233 1.        ]
 [0.23773989 0.06894436 0.06169777 ... 0.20537393 0.7744377  0.8404302 ]
 [0.35534367 0.23165147 0.17038144 ... 0.18054508 1.         0.36953548]]","[[2.38471419e-01 1.23091444e-01 1.09161856e-02 ... 8.51368248e-01
  7.60919988e-01 1.20296657e+00]
 [8.55081260e-01 2.63662696e-01 1.60786420e-01 ... 4.05111837e+00
  2.61784077e+00 3.71425724e+00]
 [2.11097217e+00 2.44018602e+00 2.13049456e-01 ... 1.51339579e+01
  1.23793240e+01 8.23617554e+00]
 ...
 [5.08383619e-06 3.10552281e-07 1.00576926e-07 ... 2.33095339e-08
  3.15176436e-08 1.47914932e-06]
 [4.06161598e-06 7.97330291e-09 4.97091790e-09 ... 3.47100237e-09
  1.69038328e-09 1.40907082e-06]
 [3.74988076e-06 2.18056417e-09 1.19302312e-09 ... 1.47391577e-09
  1.26363409e-09 1.37967652e-06]]","[[ 6.8278349  14.52499752 23.85381296 ...  7.9908567  10.36122599
   9.19424555]
 [ 5.02629426 13.27846485 19.36816733 ... 11.10964853  9.81209267
  12.82441207]
 [ 7.17150528 13.48627431 12.29096633 ... 18.81174914 14.17781114
  17.15665618]
 ...
 [16.88032421 21.7595176  19.12104344 ... 19.23375902 21.58462837
  20.59725824]
 [20.75045766 27.47135804 22.34757118 ... 15.67673698 13.61070667
  15.55540029]
 [18.292114   41.11124124 40.72045458 ... 39.60669938 35.98630184
  19.96186072]]","[[ 0.00790508  0.03402191  0.04055256 ...  0.08313918  0.06455144
   0.0688952 ]
 [-0.01889221 -0.04564446 -0.04872061 ... -0.04008264 -0.03517872
  -0.02747171]
 [ 0.01566066  0.01888564  0.01530899 ...  0.00508239  0.03462028
   0.02489365]
 [ 0.08403578  0.10807949  0.11052318 ...  0.10557211  0.11403602
   0.09636592]
 [ 0.04718499  0.05865758  0.06697897 ...  0.05200521  0.06314141
   0.06921706]
 [-0.00858612 -0.01002707 -0.00891041 ... -0.00697242 -0.0096153
  -0.00714718]]"
classical.00079.wav,classical,"[[-4.3104626e+02 -4.8261224e+02 -4.8381906e+02 ... -6.1673767e+02
  -6.1869720e+02 -6.0115704e+02]
 [ 1.3090268e+02  1.9444870e+02  1.9299219e+02 ...  1.2610872e+02
   1.2333896e+02  1.2976587e+02]
 [ 5.0555344e+00 -3.1546643e+00 -5.1064782e+00 ...  6.2167610e+01
   6.0573906e+01  5.1776955e+01]
 ...
 [-1.5994692e+01 -6.4877760e-01 -5.7199526e+00 ... -2.0456406e+01
  -1.9369390e+01 -1.9852615e+01]
 [-1.1388525e+01  4.9065762e+00 -1.1343211e-03 ... -2.4500488e+01
  -2.1333261e+01 -2.3166540e+01]
 [-1.4301305e+01 -2.7351983e+00  1.3536173e+00 ... -2.0175594e+01
  -1.6512823e+01 -1.8200886e+01]]","[[0.32535708 0.3314558  0.17060862 ... 0.2115423  0.2201021  0.14143291]
 [0.65845007 0.48213086 0.27451983 ... 0.14108706 0.18779407 0.15650623]
 [1.         1.         1.         ... 0.2260655  0.26478    0.170225  ]
 ...
 [0.23880564 0.2945589  0.0792672  ... 0.60441697 0.49514616 0.5179132 ]
 [0.23113997 0.23499264 0.06019335 ... 1.         0.9680154  0.85923886]
 [0.23052771 0.21938258 0.08976055 ... 0.5491576  0.5210911  0.41312474]]","[[5.25278665e-05 5.25157047e-05 2.00345676e-04 ... 8.01353963e-05
  7.17900548e-05 1.62337732e-04]
 [1.15309042e-04 1.16719559e-04 1.24838363e-04 ... 5.36442240e-05
  6.24838722e-05 1.14466005e-04]
 [2.85738381e-04 1.81284035e-03 1.33754569e-03 ... 8.61926947e-06
  1.04947885e-05 7.13346744e-05]
 ...
 [3.86533065e-06 4.16007007e-09 5.28724842e-09 ... 7.40917150e-09
  2.76533907e-09 5.93557132e-08]
 [3.87183081e-06 5.81392001e-09 7.55075558e-09 ... 2.89908741e-09
  2.05878048e-09 6.09094783e-08]
 [3.84291025e-06 3.89754495e-09 5.56648727e-09 ... 2.41124676e-09
  3.38007489e-09 5.90823497e-08]]","[[15.09095719 21.8701223  12.59298478 ...  9.94477863  7.41849766
   5.48564341]
 [ 5.2107596   9.58356054 12.42195103 ... 12.49263432 17.52783538
  10.56270473]
 [12.30188987 10.38720886  8.90067472 ... 21.75921962 18.20884796
  18.50243855]
 ...
 [ 8.20005713 20.0277271  21.97780387 ... 22.48729221 19.03142043
  14.68242103]
 [ 4.20048666 22.70222664 19.80610261 ... 15.336503   19.663104
  13.70311828]
 [ 1.24665984 14.6175573  18.4684471  ... 15.95366292 14.09825929
   5.07180518]]","[[-0.10151044 -0.14698513 -0.2101354  ... -0.28633911 -0.24499467
  -0.16144235]
 [-0.01043663  0.03750074  0.06336374 ...  0.39734845  0.32954395
   0.22037911]
 [ 0.1157485   0.16698906  0.198486   ... -0.23856633 -0.21774497
  -0.19131218]
 [ 0.04578356  0.02452078  0.0246703  ... -0.42193736 -0.36239109
  -0.27354179]
 [-0.04227004 -0.06584696 -0.08939404 ... -0.01327184 -0.00608981
   0.00175178]
 [ 0.01679383  0.04092494  0.06871342 ... -0.15398017 -0.14236854
  -0.10870049]]"
classical.00045.wav,classical,"[[-249.18776    -258.66168    -277.3686     ... -275.63156
  -293.35925    -229.85918   ]
 [ 128.11398     157.01631     149.30519    ...  142.92772
   148.02615     138.13635   ]
 [ -35.643517    -28.166666    -24.69239    ...    6.9065213
    -3.1844435    -2.066194  ]
 ...
 [  -8.083967     -8.417702    -15.597297   ...   -3.6952193
    -4.38846      -3.4909286 ]
 [  -9.313778     -9.889631    -14.676058   ...   -5.843095
    -8.996639      0.32330817]
 [   2.5689695    -2.138007     -1.0211788  ...   -7.1600194
    -9.1596775     0.74933267]]","[[0.08490252 0.41044784 0.07663041 ... 0.02697468 0.02513469 0.0462985 ]
 [0.10310818 0.19023551 0.03848224 ... 0.12585454 0.15566413 0.29542643]
 [0.22136116 0.30076835 0.05827215 ... 0.29752132 0.41381854 0.9756882 ]
 ...
 [1.         1.         1.         ... 0.37719083 0.37307787 0.4303391 ]
 [0.57935834 0.37636474 0.1919268  ... 1.         1.         1.        ]
 [0.13497572 0.33909595 0.04234758 ... 0.30639058 0.32548222 0.3849267 ]]","[[3.21619213e-02 2.92071849e-02 1.69354677e-02 ... 3.12961154e-02
  2.01944001e-02 1.41792791e-02]
 [8.19627848e-03 5.10769822e-02 1.24847135e-02 ... 9.85486135e-02
  1.56618357e-02 1.85154062e-02]
 [1.13385953e-02 1.29133791e-01 1.02343388e-01 ... 1.31753281e-01
  2.49903686e-02 1.13307774e-01]
 ...
 [4.59746880e-05 9.98570067e-06 9.15328019e-06 ... 3.24696193e-05
  3.64006155e-05 1.59461182e-04]
 [8.51630903e-05 8.29986493e-06 8.13756105e-06 ... 3.53268006e-05
  1.61553944e-05 1.42922145e-04]
 [6.39082427e-05 1.07171481e-05 9.01252042e-06 ... 3.48351896e-05
  5.59007231e-06 1.45274142e-04]]","[[ 7.4790988   6.18781371 12.24896592 ...  9.72670898 10.98059946
  12.26644543]
 [ 6.62250175  6.99467063  8.43245909 ... 15.12106931 13.11840478
   5.4831895 ]
 [ 9.14893017 13.6724959  16.96458701 ... 19.44581952 22.89629877
  16.58424856]
 ...
 [17.57399442 27.1189187  26.74940827 ... 22.89609969 23.94473196
  17.62947678]
 [16.2243411  22.31548366 22.48343652 ... 17.76517648 20.08184076
  11.13690345]
 [11.55105342 16.13369644 16.94979541 ... 14.94969309 13.81360882
   5.81001148]]","[[ 0.04529569  0.08495593  0.16872377 ... -0.02370077 -0.00792649
  -0.01115427]
 [ 0.05468289  0.07193558  0.05462295 ...  0.17342161  0.16003944
   0.10610377]
 [-0.06320379 -0.10633238 -0.20212933 ...  0.22692543  0.23341201
   0.20849993]
 [-0.06554447 -0.0411894  -0.04615242 ... -0.26445183 -0.2639106
  -0.19414682]
 [-0.01113771 -0.0363962  -0.02164611 ...  0.04830717  0.03088158
   0.01179211]
 [ 0.03278571  0.03959306  0.08859973 ... -0.12434239 -0.11323424
  -0.07401381]]"
classical.00051.wav,classical,"[[-565.8957     -535.5776     -524.86456    ... -267.33966
  -281.0073     -247.94545   ]
 [  72.286545     69.182175     80.54431    ...  159.07486
   156.24619     138.00224   ]
 [  38.537125     44.105927     42.89321    ...  -24.56863
   -22.687798    -25.896385  ]
 ...
 [   9.633993      1.0370913     6.3429747  ...    2.04547
    -4.622792     -1.762463  ]
 [  10.578951      1.8974638     0.8578124  ...   10.629261
     6.390812      4.4177647 ]
 [   2.1763768   -10.395193      7.602952   ...    1.4858202
    -1.8873396     0.69630975]]","[[0.47985056 0.5357727  0.41854367 ... 0.41504198 0.7951995  0.39481536]
 [0.5026378  0.5235589  0.41178456 ... 0.5942521  0.7733325  0.6598571 ]
 [0.50571173 0.4970837  0.3817278  ... 1.         1.         1.        ]
 ...
 [0.43845865 0.33462125 0.26069185 ... 0.44087866 0.74173325 0.3301569 ]
 [0.38041645 0.3940261  0.3059942  ... 0.3445102  0.81759167 0.25367033]
 [0.40226752 0.4828552  0.36696598 ... 0.36827904 0.8679078  0.28114396]]","[[1.09791625e-02 8.81388038e-03 1.42890856e-01 ... 1.95874065e-01
  1.77648485e-01 1.21314615e-01]
 [1.87673979e-03 3.52905765e-02 2.25344345e-01 ... 9.15988326e-01
  5.83547413e-01 4.47833657e-01]
 [1.64659659e-03 3.09821982e-02 1.19584233e-01 ... 1.34294510e+00
  5.99553227e-01 3.22155207e-01]
 ...
 [9.10544145e-07 1.62453148e-06 2.29548368e-06 ... 2.64483151e-06
  3.25861652e-06 1.16092706e-05]
 [8.21334027e-07 1.72209855e-06 1.60135573e-06 ... 2.48798051e-06
  4.66685287e-06 1.04313667e-05]
 [5.71777207e-07 1.80900349e-06 1.32357525e-06 ... 2.58639579e-06
  3.38831092e-06 7.83343967e-06]]","[[ 9.00072914  7.04128087 12.25271555 ... 13.49423277 21.52810362
  25.97319614]
 [13.47029396 10.94531762 20.75701067 ...  7.4880551   7.11013738
   5.86404447]
 [11.65124938 19.28374805 19.95136002 ...  8.42334586 14.93200331
  10.23264641]
 ...
 [14.7175379  10.70758113 16.20818288 ... 14.93565399 19.36402349
  17.21156172]
 [18.30670428 13.3263867  15.05333422 ... 17.72158975 19.70334534
  17.00602393]
 [15.22644806 13.95817653 13.98413547 ... 18.73872652 15.79405772
  19.18204926]]","[[ 0.01343892  0.0283375   0.03956293 ...  0.12689613  0.13584543
   0.11618839]
 [ 0.01500006  0.01250705  0.00559842 ...  0.05695177  0.04572519
   0.03084535]
 [-0.0064263   0.01462888  0.03415709 ... -0.05313263 -0.06583972
  -0.06025179]
 [-0.04110349 -0.05254972 -0.0674177  ... -0.17448908 -0.16486067
  -0.1557235 ]
 [ 0.02443236  0.02511841  0.02780061 ... -0.0239542  -0.02099241
  -0.00768169]
 [-0.01569927 -0.00988404 -0.00427385 ...  0.0133451   0.01853424
   0.01267983]]"
country.00088.wav,country,"[[-242.19145    -231.54126    -207.31529    ... -180.14833
  -194.4322     -200.18825   ]
 [ 149.35063     146.80104     129.27563    ...  122.851654
   126.9459      132.66391   ]
 [  -0.82985187    1.9561979    11.022053   ...  -17.093388
    -9.388681    -11.462091  ]
 ...
 [  -9.488117     -5.6607327   -11.842657   ...  -14.170846
   -15.187261    -19.16769   ]
 [  20.744087      8.555225     15.262164   ...   -1.0289253
     0.8593987     2.7510328 ]
 [  -5.2276335   -13.837525    -24.497143   ...  -24.109705
   -21.662668    -23.03372   ]]","[[0.91568434 0.54729325 0.41222316 ... 0.3024785  0.30739307 0.42615056]
 [0.71896905 0.18454544 0.14442375 ... 0.1070782  0.10833372 0.18091999]
 [0.6554933  0.15392275 0.11054169 ... 0.16752288 0.18589698 0.32978228]
 ...
 [0.42789456 0.32933822 0.58666974 ... 0.18346033 0.22040085 0.34214023]
 [0.796947   0.4967709  0.342826   ... 0.31467706 0.2857445  0.5308781 ]
 [1.         0.78877664 0.537816   ... 0.71306944 0.72112554 0.9732581 ]]","[[1.6919662e+00 5.8973742e+00 4.9942203e+00 ... 5.3152642e-03
  6.8298046e-04 5.0709847e-02]
 [4.7430110e+00 9.4063072e+00 8.8573790e+00 ... 2.0772586e-02
  1.8835844e-02 5.9308585e-02]
 [5.9215655e+00 1.7764704e+01 1.8165228e+01 ... 8.4574178e-02
  1.5809231e-01 8.7926082e-02]
 ...
 [2.7700057e-06 3.9451219e-08 3.4371132e-07 ... 3.1387958e-07
  2.4165720e-07 4.4041240e-06]
 [2.3424936e-06 3.7142884e-09 1.2334774e-08 ... 2.6955242e-08
  2.0787223e-08 3.9120096e-06]
 [2.2596396e-06 1.4287337e-09 1.1163013e-09 ... 2.8300935e-09
  2.4241835e-09 3.7481400e-06]]","[[ 6.63454698 37.69980599 29.41801998 ... 19.16657351 29.97976018
  14.46092551]
 [ 6.12622743  8.62654202  9.58678281 ... 12.88038141  6.39618817
   7.27793073]
 [10.61969307 20.45370329 17.91339323 ... 17.84156077 17.07026992
  21.28169368]
 ...
 [13.21447177 13.92873545 18.91274765 ... 16.05492686 14.87531322
  20.4767239 ]
 [23.36255117 23.10136798 23.10307727 ... 16.19212115 18.94154974
  14.98900366]
 [13.72579722 34.40661179 40.27746424 ... 38.68879108 41.75515768
  19.58707265]]","[[ 0.09217483  0.09100527  0.07147413 ...  0.15721839  0.16014258
   0.11556532]
 [-0.08775031 -0.15103999 -0.209219   ... -0.23050576 -0.2324005
  -0.18239649]
 [ 0.1127394   0.13743975  0.13109827 ...  0.12700029  0.138645
   0.12892383]
 [ 0.19437562  0.23223655  0.26606623 ...  0.27816224  0.28616725
   0.26224376]
 [ 0.01315738 -0.01209509 -0.03286445 ...  0.00990674  0.00626974
   0.00558384]
 [-0.04564752 -0.06312574 -0.06903616 ... -0.09078337 -0.09505245
  -0.0835702 ]]"
country.00063.wav,country,"[[-147.27452   -230.31409   -237.9447    ... -191.5883    -248.23392
  -237.10083  ]
 [ 114.32622    116.08439    100.633026  ...  117.08719    150.30417
   160.1611   ]
 [   4.309562    25.285063    21.869808  ...   -5.0801525   15.6113405
    13.385529 ]
 ...
 [   3.9140682   14.169609    12.359585  ...   11.381643    -7.6997595
    -1.332191 ]
 [  -7.3644533    5.2311306    7.73693   ...   17.63968      9.869317
    12.320776 ]
 [  -7.189721    -4.0055346   -0.3917638 ...    6.735522   -14.308009
   -19.009556 ]]","[[0.20232245 0.09863102 0.08471851 ... 1.         0.23961154 0.09041788]
 [0.16412616 0.09378568 0.06703375 ... 0.94590837 0.25091103 0.0918804 ]
 [0.14530973 0.12371125 0.07711829 ... 0.9127659  0.36485314 0.12030613]
 ...
 [0.23558731 0.096911   0.06984752 ... 0.8126623  0.3079893  0.13873228]
 [0.23226842 0.09548253 0.07180133 ... 0.8670387  0.21485528 0.0979788 ]
 [0.24772175 0.11283872 0.09432781 ... 0.9643422  0.3162454  0.10885887]]","[[7.6031041e+00 1.9322014e+01 8.6848440e+00 ... 1.5114047e+02
  5.8771496e+01 1.4959950e+01]
 [1.3074485e+01 4.3264587e+01 2.4916903e+01 ... 4.1660999e+02
  3.6299606e+01 2.2928297e+01]
 [7.2900615e+00 3.0241314e+01 1.6590664e+01 ... 3.7327081e+02
  3.3080759e+00 9.6326084e+00]
 ...
 [1.6877610e-04 5.3188376e-07 8.5028870e-07 ... 5.6771707e-08
  4.9055597e-08 5.9259446e-06]
 [1.4913623e-04 8.6767749e-08 6.3941464e-08 ... 8.4539105e-09
  7.7437221e-09 5.5889245e-06]
 [1.4005115e-04 1.4730949e-09 1.0590331e-09 ... 1.5628636e-09
  1.9280340e-09 5.5048008e-06]]","[[24.01792283  9.20605733 14.21281552 ... 16.83150186 15.79853882
  18.86041026]
 [ 5.71445916 10.37472513 11.74640881 ...  6.84816315 13.4575066
  11.9423601 ]
 [11.06648819 19.62981419 19.03364146 ...  7.95968327 14.90463779
  17.18464761]
 ...
 [14.97248362 21.3018972  19.177939   ... 14.12604551 19.99785038
  15.77199151]
 [12.30310399 20.18614425 23.99431202 ...  9.978601   18.88140797
  17.82102914]
 [12.00225102 45.04870494 44.06338943 ... 38.37580216 36.58658972
  15.70823832]]","[[ 2.16867580e-02  5.53393501e-02  2.27788364e-02 ...  9.76021175e-03
   9.51593398e-03  3.55444669e-03]
 [-1.48990362e-02 -3.70854103e-02  1.42626158e-02 ... -5.58668176e-02
  -4.55678429e-02 -3.99052422e-02]
 [-1.67186595e-02  2.38083303e-05 -3.12253051e-02 ...  2.42470130e-02
   1.89582631e-02  2.01573893e-02]
 [ 2.12423168e-02  6.16450123e-02  4.46825139e-02 ... -4.29514386e-02
  -2.92359442e-02 -3.39190848e-02]
 [ 1.83742365e-02  3.21473449e-02  8.69324331e-03 ... -1.05904821e-02
  -1.04458872e-02 -7.30110101e-03]
 [-2.61419630e-02 -3.72787202e-02 -4.17490657e-02 ... -1.26650184e-02
  -1.69791095e-02 -1.36874374e-02]]"
country.00077.wav,country,"[[-189.01227   -205.3484    -204.53781   ... -162.60603   -135.19685
  -165.52586  ]
 [ 153.26105    179.46797    200.86435   ...  158.13054    140.95331
   169.88188  ]
 [ -50.402008   -71.18401    -50.030975  ...  -59.603313   -37.756947
   -38.837463 ]
 ...
 [ -10.626177    -8.869584   -14.7676525 ...   -7.874035   -25.77679
   -19.559483 ]
 [  -7.2421913  -12.855333   -15.858964  ...   17.844276    13.153711
     6.2349644]
 [   2.0549788   -8.578482    -5.270877  ...   -3.8741615   -4.752157
    -4.7960925]]","[[0.5500161  0.35646662 0.35849318 ... 0.61565363 0.2474634  0.19823626]
 [0.57107365 0.3237954  0.19579917 ... 0.09463596 0.4337485  0.84659994]
 [0.13094851 0.01677045 0.09940895 ... 0.54579604 1.         1.        ]
 ...
 [0.5639101  1.         0.71437234 ... 0.06759272 0.0997317  0.11807311]
 [0.13567856 0.1774089  0.20973708 ... 0.07063556 0.17844044 0.57258093]
 [0.07837096 0.02517131 0.12621921 ... 0.7411927  0.46503857 0.41988567]]","[[3.44153754e-02 2.35735495e-02 1.19558491e-01 ... 1.74879402e-01
  1.52044311e-01 7.52347931e-02]
 [6.80087134e-02 4.48829271e-02 6.63316607e-01 ... 2.62771457e-01
  3.18501592e-01 1.57282606e-01]
 [1.27138078e-01 3.13159794e-01 6.26563728e-01 ... 8.94018888e-01
  1.82816774e-01 1.38167465e+00]
 ...
 [1.78256159e-05 1.79327291e-08 1.13106537e-08 ... 2.75393806e-08
  2.39626729e-07 1.98184978e-07]
 [1.60474974e-05 2.81269652e-09 2.01320050e-09 ... 2.45255283e-09
  7.78524090e-09 1.75952550e-07]
 [1.52480725e-05 1.05036657e-09 9.53484958e-10 ... 1.51558011e-09
  1.61845404e-09 1.80247696e-07]]","[[ 4.53764889 20.87687894 18.5400956  ... 16.75462431 20.2443211
  10.28735144]
 [ 6.08616637 12.6981571   7.5742736  ... 15.61176691 11.13993061
   6.43729499]
 [ 6.71255851 16.24741982 14.82948496 ... 21.61511826 15.87960719
  13.71359344]
 ...
 [13.84880143 20.37444782 18.9260547  ... 18.73061677 13.88748315
  19.3496185 ]
 [20.0436983  30.04770188 25.27816638 ... 23.4396183  16.82746748
  17.06610841]
 [ 8.10387507 32.16814851 31.58046533 ... 39.55034568 41.71122542
  25.58794187]]","[[-0.05180033  0.00790939 -0.04543617 ...  0.01593527  0.02689501
  -0.04211406]
 [ 0.06465597  0.09143189  0.11654972 ...  0.10074829  0.08204345
   0.04636385]
 [-0.06942904 -0.15563064 -0.07742503 ...  0.17866252  0.11639402
   0.04779329]
 [ 0.12900789  0.18772506  0.17322881 ...  0.00944115 -0.0579766
  -0.08523974]
 [-0.00982267 -0.01950819 -0.03877065 ... -0.04691773  0.00907862
   0.05317807]
 [ 0.00659243  0.04341026  0.00771991 ... -0.00670648 -0.00371206
   0.00049073]]"
disco.00052.wav,disco,"[[-186.50658    -173.00383    -187.6752     ... -136.57704
  -148.6881     -174.89357   ]
 [  65.5892       91.27114      82.5922     ...  107.18833
   109.14746     126.570206  ]
 [ -36.270744    -43.924706    -48.23872    ...  -35.718124
   -24.224373     -7.7891607 ]
 ...
 [  -7.0946035   -27.971195    -26.37785    ...  -16.960726
   -20.330395     -6.3826237 ]
 [  11.924403     13.368143      2.5080872  ...    2.1061268
    -0.41979182    1.6268396 ]
 [  -3.0620127   -11.960688    -13.0209255  ...  -21.393642
   -17.9399       -5.9729986 ]]","[[0.27992374 0.24219276 0.33194044 ... 1.         0.4784466  0.53885853]
 [0.35709286 0.32824957 0.3003865  ... 0.18505952 0.06780144 0.20198135]
 [1.         1.         0.942265   ... 0.08879708 0.06175034 0.0842538 ]
 ...
 [0.1022929  0.16529393 0.14366336 ... 0.15287052 0.18313532 0.23298839]
 [0.11766665 0.30093536 0.2748403  ... 0.10442117 0.3680349  0.773512  ]
 [0.23611501 0.14227936 0.12824339 ... 0.6842465  1.         1.        ]]","[[7.7127188e-02 3.9102964e-02 2.8425002e-02 ... 1.7374184e-02
  5.7607621e-02 1.9274914e-01]
 [3.3083100e-02 2.4988398e-02 1.2207332e-02 ... 7.8835981e-03
  7.5037638e-03 1.1584013e-01]
 [6.5195607e-03 2.9470759e-02 6.4032814e-03 ... 1.8662393e-02
  1.2124679e-02 1.2217458e-01]
 ...
 [4.0849071e-04 2.1196988e-07 2.0042442e-07 ... 2.9633412e-07
  2.7439654e-07 2.5378942e-05]
 [3.9192013e-04 1.5208277e-08 2.6966562e-08 ... 6.7618565e-08
  7.8657678e-08 2.3164132e-05]
 [3.8704841e-04 9.1548702e-10 1.3630146e-09 ... 2.0641062e-09
  1.4465611e-09 2.3341656e-05]]","[[11.81492102  8.15973623 12.77477453 ... 10.1324562   9.81999043
   4.06898163]
 [ 4.52189385  5.6615227   8.82751445 ... 14.61083779  9.88365514
   7.11315763]
 [10.02695209 10.02043219 10.42738367 ... 18.30272933 23.38986635
  15.1643254 ]
 ...
 [15.17139366 17.84676717 20.96886798 ... 12.32273674 12.95131782
  13.73458342]
 [15.38358733 22.89093614 19.05796409 ... 15.13254844 22.56715411
  13.17909738]
 [16.00460145 43.19101504 43.87784525 ... 45.26568768 44.60796405
  18.03772702]]","[[-0.01882712 -0.04392696 -0.05880004 ...  0.06769566  0.07863072
   0.02081816]
 [ 0.01354485  0.03556081  0.0486441  ...  0.21549384  0.04520206
  -0.04768012]
 [-0.03393238 -0.05898343 -0.05698798 ...  0.04874382  0.12849436
   0.07965058]
 [-0.02456213 -0.05926531 -0.03316794 ...  0.13348672 -0.00688837
  -0.09597871]
 [-0.02327526 -0.01736338 -0.02351293 ...  0.00681236 -0.0267337
  -0.02765611]
 [-0.00923579 -0.01668226 -0.02165438 ...  0.07724287  0.04672344
  -0.00154734]]"
disco.00046.wav,disco,"[[-120.594635   -106.691345   -138.60146    ... -191.90428
  -208.48648    -248.15404   ]
 [  84.79484      80.40759     100.54643    ...  102.67682
   110.89289     101.15292   ]
 [   6.5339174     1.1600858     1.9104929  ...   11.907476
    -6.492705     -0.7338363 ]
 ...
 [  -9.298898     -7.2597904     0.914081   ...  -10.020392
   -12.210432      0.29561338]
 [  10.179719     13.641738      7.9395676  ...   17.033318
     4.7832026     3.0045652 ]
 [  -8.456985    -20.02789     -21.312885   ...  -17.481533
    -9.628729    -11.739796  ]]","[[1.         1.         0.94645745 ... 0.6870722  0.5599949  0.39961997]
 [0.7706542  0.71466213 0.6706074  ... 0.6786212  0.5083278  0.31858325]
 [0.61429214 0.51744854 0.4945445  ... 0.807584   0.5992502  0.39809108]
 ...
 [0.91038424 0.34245017 0.9987454  ... 0.55838275 0.7506704  0.97363514]
 [0.9011858  0.42282006 0.86688995 ... 0.680866   0.8923614  0.899783  ]
 [0.9102071  0.6153943  0.81330925 ... 0.72950715 0.780965   0.5932441 ]]","[[9.6221380e+00 4.8250809e+00 5.4917426e+00 ... 8.9518285e-01
  3.2482880e-01 3.6058792e-01]
 [3.4516777e+01 3.6296257e+01 1.9212078e+01 ... 2.3619129e+01
  8.0990343e+00 1.2009569e+00]
 [7.0778404e+01 3.1803207e+01 8.2754318e+01 ... 7.0757530e+01
  1.7696606e+01 1.5813866e+00]
 ...
 [4.3409527e-05 8.9735267e-06 2.2880629e-06 ... 3.7205186e-07
  4.0280199e-08 2.0432726e-05]
 [2.5947409e-05 5.1707184e-07 7.0923477e-08 ... 1.5175560e-08
  5.9292176e-09 2.0231339e-05]
 [1.6066861e-05 3.0985060e-08 3.7797032e-09 ... 2.5827172e-09
  1.2401157e-09 1.9964742e-05]]","[[ 6.08130764 16.16005751 23.51589584 ... 17.74457624 15.55706849
  11.44060092]
 [ 4.72697375  7.86595026  6.16643275 ... 13.53607879  9.39969344
   9.52468678]
 [ 8.60435354 15.99819499 17.81331695 ... 15.62226628  9.84421273
   6.23090173]
 ...
 [12.12065281 18.83587363 17.09719762 ... 18.33269339 23.40589358
  17.30182864]
 [16.98242798 12.49969464 16.37894181 ... 13.49730976 16.13310102
  11.96119165]
 [20.01869481 41.84137902 43.88335158 ... 43.24805632 43.13528561
  18.60887836]]","[[-0.01802022 -0.01874769 -0.01377247 ...  0.02263089  0.01051383
   0.00516292]
 [ 0.05964509  0.10520468  0.12427119 ...  0.04103703  0.03738624
   0.02322   ]
 [ 0.09851596  0.07903581  0.08257761 ... -0.00955201 -0.01262303
  -0.01298752]
 [ 0.07138135  0.08392859  0.09454117 ... -0.07789332 -0.07984454
  -0.07503212]
 [-0.0080054  -0.01036744 -0.00708518 ...  0.01187284  0.00896667
   0.00184398]
 [ 0.03311996  0.03414343  0.02958681 ...  0.04197814  0.04708391
   0.05639177]]"
disco.00091.wav,disco,"[[-63.092533  -66.489235  -99.32108   ... -29.52988   -31.393576
  -60.837482 ]
 [ 67.02374    56.257324   73.36958   ...  56.391346   39.583397
   50.355995 ]
 [-17.419334  -34.727085  -34.794807  ...   6.892928   -2.1654623
    4.6626663]
 ...
 [-12.330902  -10.846359   -1.7807059 ...  -8.060692   -9.654928
   -5.844822 ]
 [  7.3758345  14.198318   20.861652  ...  21.775097   22.737803
   14.447342 ]
 [-13.574951  -14.807238   -8.260817  ... -17.509407   -9.656902
   10.668356 ]]","[[1.         1.         0.9662225  ... 0.53774446 0.4512014  0.76814246]
 [0.4851877  0.3350813  0.41701737 ... 0.43911728 0.6092026  0.7026864 ]
 [0.13786788 0.10190973 0.18976714 ... 0.4150095  0.8770726  1.        ]
 ...
 [0.16066334 0.13800922 0.2330098  ... 0.98252136 0.42474502 0.49858862]
 [0.17738873 0.09297905 0.14248118 ... 0.81417066 0.44583344 0.6989263 ]
 [0.37115264 0.21722887 0.21427129 ... 0.649732   0.52155024 0.8905893 ]]","[[1.38399067e+01 5.67261457e+00 5.30087709e+00 ... 5.95821190e+00
  2.03134575e+01 2.97700882e+00]
 [3.14877510e+01 1.25692320e+01 1.98182812e+01 ... 1.32089661e+02
  1.12155708e+02 3.55984187e+00]
 [2.98560257e+01 3.48834991e+01 4.14023132e+01 ... 7.05600952e+02
  1.46382874e+02 2.04017086e+01]
 ...
 [1.21307976e-05 5.91032085e-06 2.07930452e-06 ... 3.34864453e-05
  3.32030068e-05 2.53039971e-03]
 [1.24373555e-05 5.25221651e-07 7.15477597e-08 ... 3.58973102e-06
  1.45892704e-06 2.47829920e-03]
 [1.79903018e-05 1.47148222e-08 3.66120845e-09 ... 1.38044072e-07
  1.00582291e-07 2.42466596e-03]]","[[ 8.34234644  6.71967515  8.11506889 ... 15.27700914 13.23455611
   8.87904483]
 [ 5.16514802 13.31078377  6.73509585 ... 10.01466417 12.98177314
   2.86539328]
 [ 6.19493537 22.54691791 17.48400792 ...  6.39155542  9.0990704
   5.77023885]
 ...
 [14.12696328 16.54933543 18.34652246 ... 13.80124523 10.69618155
  12.00949735]
 [14.89188494 17.57490473 19.66128001 ... 11.41668183 14.95985742
  13.85941606]
 [26.53535652 46.28485666 43.05902982 ... 48.67822802 46.42789739
  16.91939027]]","[[-0.0557187  -0.07511694 -0.06673815 ...  0.03847409  0.0408701
   0.03447169]
 [ 0.011075    0.05396206  0.07777929 ...  0.00472843  0.00491479
   0.00758399]
 [ 0.06457033  0.03109557  0.03383839 ...  0.0369239   0.0535851
   0.0627997 ]
 [ 0.02604793  0.00675625 -0.00663336 ... -0.01444446 -0.00797793
  -0.01045347]
 [ 0.01625237 -0.00587266 -0.01221265 ...  0.00098516  0.00430249
   0.00744098]
 [ 0.03998873  0.05318326  0.03683089 ... -0.00178407 -0.00415965
   0.00242714]]"
hiphop.00022.wav,hiphop,"[[-1.19535515e+02 -1.09263878e+02 -1.25489723e+02 ... -1.12037918e+02
  -1.31213120e+02 -1.45045258e+02]
 [ 9.48422241e+01  1.15066315e+02  1.29752457e+02 ...  1.17593719e+02
   1.08762161e+02  1.27539932e+02]
 [-1.86862087e+01 -4.07816076e+00 -6.40757656e+00 ... -5.25741148e+00
  -1.40970850e+00 -6.66739464e+00]
 ...
 [-1.44734745e+01 -1.81773415e+01 -1.92072010e+01 ... -1.45773430e+01
  -1.35354538e+01 -8.70053577e+00]
 [-1.29801595e+00 -9.59801793e-01 -8.94086719e-01 ...  1.53451147e+01
   1.21071072e+01  1.20018616e+01]
 [ 9.71677005e-02 -7.18311405e+00 -1.52890396e+00 ... -8.37753677e+00
  -1.51490679e+01 -6.88724136e+00]]","[[1.         1.         0.92414767 ... 0.20208856 0.11868817 0.22709024]
 [0.50253916 0.5872118  0.7075487  ... 0.1324001  0.11638256 0.15962027]
 [0.1772753  0.27359283 0.30117685 ... 0.235887   0.1612426  0.16731061]
 ...
 [0.57158506 0.7085527  0.36991346 ... 0.15935387 0.29198048 0.24499086]
 [0.38521165 0.35432497 0.2888589  ... 0.12990983 0.19618642 0.13881657]
 [0.46577254 0.326366   0.26908323 ... 0.23754942 0.20305285 0.22802708]]","[[2.15534642e-01 2.23900303e-01 7.42584020e-02 ... 2.05766544e-01
  7.55070969e-02 1.57123327e-01]
 [1.07548892e+00 5.19047439e-01 6.42008707e-02 ... 2.97507906e+00
  1.57175374e+00 3.34267640e+00]
 [5.42363596e+00 2.98330164e+00 2.48843288e+00 ... 1.71881065e+01
  1.77441921e+01 1.29586935e+01]
 ...
 [3.10507348e-05 1.04211165e-06 1.88111571e-07 ... 2.57797342e-06
  2.44272587e-06 1.66826230e-05]
 [2.69079319e-05 2.00112584e-08 8.56110294e-09 ... 1.55541841e-07
  2.10233807e-07 1.51939748e-05]
 [2.54433689e-05 9.45930889e-10 2.14908491e-09 ... 3.56030783e-09
  7.56609619e-09 1.46501816e-05]]","[[10.29263444 14.66694791 18.23308333 ... 21.8677101  19.38312824
  13.93966557]
 [ 7.04233063  7.98636559 10.37402223 ...  6.6360665   4.36056723
   8.40725603]
 [ 9.89678416 20.21899858 15.68016165 ... 12.81500934 16.51844782
  10.41070673]
 ...
 [18.46985319 23.70574381 22.98805608 ... 12.29919504 15.93246989
  18.26548926]
 [16.3641786  22.47958629 25.27762049 ... 17.09565572 17.71115531
  17.55128876]
 [18.37286567 41.88134099 41.16608838 ... 44.34213759 43.39699209
  19.2670146 ]]","[[ 0.02249918 -0.02401009 -0.06982415 ... -0.10087492 -0.10478039
  -0.0809651 ]
 [ 0.02466864  0.06244741  0.05558355 ... -0.02688428 -0.02012792
  -0.02088879]
 [-0.12705372 -0.20015935 -0.21941855 ... -0.08559262 -0.10295204
  -0.08034038]
 [ 0.02131654  0.05200113  0.02957872 ... -0.04953574 -0.05491892
  -0.04876427]
 [ 0.01607973  0.01399399  0.01876026 ... -0.08739185 -0.07212533
  -0.05705812]
 [ 0.01316338  0.006144   -0.00323764 ...  0.03315573  0.02303051
   0.03803685]]"
hiphop.00036.wav,hiphop,"[[-638.2431    -638.2431    -638.2431    ... -185.64992   -182.59267
  -171.52098  ]
 [   0.           0.           0.        ...   26.60812     28.91349
    14.286825 ]
 [   0.           0.           0.        ...  -65.74124    -63.17145
   -50.72719  ]
 ...
 [   0.           0.           0.        ...   15.740412    16.90835
     9.43951  ]
 [   0.           0.           0.        ...   -3.55477      4.5270557
     2.1277251]
 [   0.           0.           0.        ...    3.4281318    2.4843543
    -4.290777 ]]","[[0.         0.         0.         ... 0.56608707 0.5122566  0.43552163]
 [0.         0.         0.         ... 0.20259331 0.18499734 0.2054826 ]
 [0.         0.         0.         ... 0.09395413 0.16576786 0.12926275]
 ...
 [0.         0.         0.         ... 0.62160504 0.38661078 0.2870104 ]
 [0.         0.         0.         ... 0.34498307 0.30045113 0.16511308]
 [0.         0.         0.         ... 0.28936797 0.31934437 0.2060744 ]]","[[0.0000000e+00 0.0000000e+00 0.0000000e+00 ... 2.4876447e+00
  2.2423525e+00 1.9719009e+00]
 [0.0000000e+00 0.0000000e+00 0.0000000e+00 ... 5.5421572e+00
  4.9379058e+00 4.3178678e+00]
 [0.0000000e+00 0.0000000e+00 0.0000000e+00 ... 1.6055415e+00
  1.4595674e+00 1.2415951e+00]
 ...
 [0.0000000e+00 0.0000000e+00 0.0000000e+00 ... 3.5561700e-04
  3.2067060e-04 1.9814398e-03]
 [0.0000000e+00 0.0000000e+00 0.0000000e+00 ... 4.6032667e-04
  4.5193537e-04 2.2739272e-03]
 [0.0000000e+00 0.0000000e+00 0.0000000e+00 ... 6.1570748e-04
  8.0644997e-04 3.8012671e-03]]","[[ 9.05059915  9.05059915  9.05059915 ... 18.85467188 22.92756088
  18.94945043]
 [ 9.05059915  9.05059915  9.05059915 ... 17.93776074 17.51333684
  18.54580755]
 [ 9.05059915  9.05059915  9.05059915 ... 28.24080334 21.45543776
  23.52295112]
 ...
 [ 9.05059915  9.05059915  9.05059915 ... 19.7115121  20.80326303
  20.90944667]
 [ 9.05059915  9.05059915  9.05059915 ... 23.53061917 23.91541143
  23.36444108]
 [ 9.05059915  9.05059915  9.05059915 ... 20.64791661 20.38682781
  15.65672333]]","[[-0.0143627  -0.00893484 -0.00475167 ... -0.05261154 -0.02713115
  -0.01901672]
 [ 0.01870992  0.01168159  0.00679427 ...  0.04816164  0.01144581
   0.01395938]
 [-0.04233293 -0.03691468 -0.03251532 ...  0.03140947  0.05571332
   0.06254226]
 [ 0.00658054  0.00481061  0.00301138 ...  0.06639443  0.04810544
   0.05850267]
 [ 0.01133324  0.0085721   0.00675165 ... -0.01371167 -0.01067608
  -0.00382064]
 [ 0.00830743  0.00707586  0.00630965 ... -0.00609406 -0.03051034
  -0.02721247]]"
hiphop.00037.wav,hiphop,"[[-546.50934   -546.50934   -546.50934   ... -168.70901   -219.66498
  -244.14703  ]
 [   0.           0.           0.        ...  -11.435477     2.2004297
    41.57109  ]
 [   0.           0.           0.        ...   -1.4708792    9.306586
     0.8501983]
 ...
 [   0.           0.           0.        ...   14.381859    -1.6968886
     1.4258884]
 [   0.           0.           0.        ...    5.523718    -7.928995
    -2.1638043]
 [   0.           0.           0.        ...  -11.528607   -17.79329
   -15.517838 ]]","[[0.         0.         0.86885214 ... 1.         1.         0.29483056]
 [0.         0.         0.9597444  ... 0.55147874 0.23684397 0.11215646]
 [0.         0.         0.8946325  ... 0.23649824 0.09823036 0.13057944]
 ...
 [0.         0.         0.767969   ... 0.07243802 0.08006765 0.21827121]
 [0.         0.         0.9198041  ... 0.11746486 0.20596553 1.        ]
 [0.         0.         0.94764173 ... 0.40818942 0.90472734 0.975009  ]]","[[0.00000000e+00 0.00000000e+00 7.19667144e-15 ... 7.02936493e-04
  5.05906646e-04 1.51270826e-03]
 [0.00000000e+00 0.00000000e+00 8.39854174e-15 ... 1.61388761e-03
  2.16060458e-03 1.60446682e-03]
 [0.00000000e+00 0.00000000e+00 1.02534685e-14 ... 3.28019820e-03
  1.38921256e-03 7.77100213e-03]
 ...
 [0.00000000e+00 0.00000000e+00 2.80039985e-14 ... 5.15715629e-02
  1.58855878e-02 3.12135019e-03]
 [0.00000000e+00 0.00000000e+00 2.13708564e-14 ... 4.21203636e-02
  1.74020808e-02 3.27736372e-03]
 [0.00000000e+00 0.00000000e+00 1.65387588e-14 ... 1.30416686e-02
  4.51998506e-03 3.65818874e-03]]","[[ 9.945258    9.945258    7.26451135 ...  5.41999534 12.5921477
   7.30675997]
 [ 9.945258    9.945258    4.43044698 ... 16.73816019 17.51251011
  16.92774427]
 [ 9.945258    9.945258    6.37326251 ... 16.83989039 19.39364635
  25.72606013]
 ...
 [ 9.945258    9.945258    5.82821776 ... 15.04076212 16.50440845
  14.20695966]
 [ 9.945258    9.945258    6.51034262 ... 15.33822475 15.19386434
  13.49557832]
 [ 9.945258    9.945258    6.64095262 ... 12.79270042 15.10005295
  14.93761633]]","[[-0.04682578 -0.05420358 -0.06127547 ... -0.0076751   0.01416418
  -0.00145583]
 [ 0.02818446  0.02310001  0.01752884 ...  0.0105717  -0.02222722
   0.00711978]
 [-0.03540478 -0.03017076 -0.02132505 ... -0.01613193  0.11860239
   0.0842429 ]
 [ 0.10195883  0.09163048  0.08036634 ...  0.05799782  0.02871393
  -0.07005052]
 [ 0.02124953  0.02042536  0.01985716 ...  0.01432229 -0.02426584
  -0.0205016 ]
 [ 0.02676727  0.02199847  0.01898738 ...  0.00389261  0.00341504
  -0.02148117]]"
jazz.00016.wav,jazz,"[[-3.07758911e+02 -3.01712006e+02 -3.20187378e+02 ... -4.27855225e+02
  -4.30589783e+02 -4.28231018e+02]
 [ 1.15154449e+02  1.04488281e+02  1.21933044e+02 ...  1.07860489e+02
   1.08476814e+02  1.05432526e+02]
 [-1.06051159e+01 -4.06921005e+00 -8.97518730e+00 ...  2.22375431e+01
   1.75508766e+01  1.63309364e+01]
 ...
 [-1.59655132e+01 -1.86338749e+01 -9.03648472e+00 ... -1.42530594e+01
  -1.04072485e+01 -1.00916977e+01]
 [ 7.36134195e+00  1.48572702e+01  1.42873077e+01 ... -6.09281063e+00
   2.09449261e-01 -4.89431918e-01]
 [-3.70109415e+00 -3.55872965e+00 -4.29881477e+00 ... -5.16513729e+00
  -8.72318172e+00 -5.08430815e+00]]","[[0.27794942 0.3669543  0.26656348 ... 0.6694164  0.42659402 0.26127523]
 [0.21538219 0.15031864 0.09808571 ... 0.5197583  0.39403698 0.2400727 ]
 [0.15524565 0.03080514 0.03502683 ... 0.500046   0.5974475  0.43621236]
 ...
 [0.06257015 0.07471465 0.05449742 ... 0.7028463  0.46357107 0.4493513 ]
 [0.04743088 0.05265315 0.02798037 ... 0.64838254 0.41761154 0.37611157]
 [0.08373574 0.06265217 0.03731456 ... 0.8524902  0.5582867  0.3877051 ]]","[[1.27175432e-02 1.19485512e-01 1.96217567e-01 ... 3.62467729e-02
  2.32961513e-02 3.36864218e-02]
 [1.77029613e-02 6.32011518e-02 1.09217867e-01 ... 1.12295881e-01
  4.41248529e-02 2.49426868e-02]
 [1.47146955e-02 1.37239501e-01 1.07743852e-01 ... 9.12581533e-02
  5.60899340e-02 4.66656126e-02]
 ...
 [1.94181752e-07 2.24524086e-07 2.09290807e-08 ... 6.40794751e-09
  7.42131290e-09 1.23966217e-07]
 [1.27021522e-07 1.18533059e-08 1.51850654e-09 ... 1.82149074e-09
  1.56341706e-09 1.17410671e-07]
 [1.09632239e-07 1.38045075e-09 1.83166848e-09 ... 1.18788046e-09
  1.40321510e-09 1.14988019e-07]]","[[ 6.65045339  7.1725207   7.65093682 ... 11.87178518  4.61841158
   5.60372275]
 [ 6.99344755 10.67484203 12.07420042 ...  6.50495468  7.71036478
   8.52267218]
 [16.39025228 25.86679748 18.89513817 ... 12.15389587 12.90087715
  14.01041701]
 ...
 [19.98989875 22.53990534 21.36062399 ... 15.30437723 14.17616591
  12.4154403 ]
 [12.85647076 14.25254606 17.98758391 ... 13.86652589 14.49190064
  14.68213723]
 [22.17281188 39.60214559 35.17933284 ... 30.50686077 30.21570938
  16.93804103]]","[[-0.1113325  -0.17432943 -0.22573462 ...  0.09788841  0.09686949
   0.08154765]
 [ 0.06304594  0.14152888  0.19877233 ...  0.03462629  0.02541857
   0.02875464]
 [-0.10329993 -0.16190032 -0.2085785  ...  0.05166585  0.04592019
   0.03089476]
 [-0.06646424 -0.04601266 -0.05907819 ...  0.15405413  0.14702642
   0.13156162]
 [-0.04090128 -0.05357443 -0.07708712 ...  0.01536041  0.01202869
   0.01591592]
 [ 0.02119529  0.03312383  0.03998215 ... -0.0034701  -0.0013106
   0.00372117]]"
jazz.00002.wav,jazz,"[[-414.9877    -375.65314   -361.9153    ... -276.87537   -273.79196
  -278.60284  ]
 [ 170.59305    161.56819    170.89215   ...  226.14774    224.54956
   221.11281  ]
 [  -9.640559   -28.832523   -29.646244  ...  -61.286255   -62.860023
   -41.28586  ]
 ...
 [ -13.56647    -16.965322   -15.910944  ...  -24.357834   -26.21056
   -16.67564  ]
 [ -19.000553    -8.181303   -14.4091    ...   -7.0166273  -11.295812
     1.8502145]
 [  -2.8605943   -2.7366252   -7.555363  ...   -8.4932575  -13.798719
    -5.5540547]]","[[0.41834047 0.2021563  0.24838935 ... 0.44260767 0.42833355 0.36346662]
 [0.4782387  0.31028426 0.4077582  ... 0.9118291  0.9343973  0.6425587 ]
 [0.36631942 0.2367561  0.29760098 ... 1.         0.9714409  0.32029897]
 ...
 [0.41900304 0.4530386  0.4383998  ... 0.33415842 0.6476953  0.8845558 ]
 [0.39543912 1.         1.         ... 0.5020863  1.         1.        ]
 [0.37968105 0.40429854 0.46810207 ... 0.26802558 0.39377224 0.37897456]]","[[6.14770316e-03 4.51131345e-04 1.96223176e-04 ... 1.43825411e-04
  2.74056481e-04 1.92493498e-02]
 [1.15954587e-02 5.57147991e-03 7.57340528e-03 ... 1.20143685e-03
  2.51111982e-04 1.11151384e-02]
 [1.15635553e-02 1.57990120e-02 2.40570344e-02 ... 2.48377398e-03
  1.09539693e-03 1.82710737e-02]
 ...
 [1.00797095e-08 1.30767230e-09 1.44928336e-09 ... 1.23122623e-09
  1.95212468e-09 1.20725394e-06]
 [1.15723902e-08 1.07965592e-09 1.45044421e-09 ... 1.49829182e-09
  1.66216074e-09 1.16314050e-06]
 [1.05648574e-08 1.97551575e-09 1.52893453e-09 ... 9.12860953e-10
  7.32770178e-10 1.13141277e-06]]","[[ 6.06847465 13.10848058 18.09454677 ... 30.33267474 25.64289861
  14.40021136]
 [ 7.44814865  4.21465504  8.68283775 ...  7.08872557  4.84438686
  10.10511875]
 [12.45533768 14.23427916 15.55274911 ... 11.51480738 14.55575766
  11.13426111]
 ...
 [14.96204035 16.56394786 20.22165287 ... 20.82878764 19.70176599
  20.24580046]
 [16.97163822 16.31572578 15.82237819 ... 23.29021465 22.13518293
  20.24412699]
 [16.56517748 27.05024799 27.99604524 ... 25.7176633  26.85391738
   8.62982821]]","[[-0.03292852 -0.02785535 -0.00515754 ... -0.15595799 -0.12513777
  -0.07409033]
 [-0.04612444 -0.02710482 -0.0136758  ... -0.01994859 -0.02248935
  -0.01433574]
 [-0.04763899 -0.06485603 -0.09159638 ...  0.05133408  0.02996253
  -0.0068557 ]
 [-0.08208226 -0.07759172 -0.03059951 ... -0.29197611 -0.28195369
  -0.22372521]
 [ 0.01383349  0.00853664  0.01223498 ...  0.00439705  0.01267887
  -0.00102479]
 [ 0.02182919  0.03798252  0.0343254  ...  0.07512403  0.0593329
   0.03588936]]"
jazz.00003.wav,jazz,"[[-3.16322601e+02 -3.09058563e+02 -3.11402283e+02 ... -5.02326294e+02
  -5.05833466e+02 -4.66409210e+02]
 [ 1.66226288e+02  1.72165314e+02  1.70370270e+02 ...  2.06652039e+02
   2.04773163e+02  1.79823242e+02]
 [ 3.14070892e+00  8.55758286e+00  5.79120350e+00 ...  7.51851044e+01
   7.74556274e+01  4.67916679e+01]
 ...
 [-1.08794365e+01 -9.53716660e+00 -6.75062943e+00 ... -6.44405270e+00
  -5.58455420e+00 -6.32588673e+00]
 [ 8.85853672e+00  5.57854080e+00  1.19942875e+01 ... -1.47386990e+01
  -1.64777603e+01 -6.56423187e+00]
 [-7.92136669e+00  3.57257009e-01 -4.96766996e+00 ... -8.84773827e+00
  -1.38600845e+01 -7.16180992e+00]]","[[1.         0.9837143  0.8699425  ... 0.9576352  0.7605067  0.9555855 ]
 [0.83104384 0.6873031  0.916113   ... 0.52431256 0.33031413 0.58726513]
 [0.80860186 0.6878366  0.776466   ... 0.2420571  0.12511437 0.34954998]
 ...
 [0.6323268  0.8032123  0.6572772  ... 0.8009535  0.6813144  0.4946969 ]
 [0.65915436 0.90316236 1.         ... 0.79491645 0.964561   0.7831797 ]
 [0.87823296 0.8757304  0.98512584 ... 1.         1.         1.        ]]","[[1.1501331e+00 1.2087102e+00 1.0730288e+00 ... 1.2516715e-03
  2.1695306e-03 1.8427870e-03]
 [1.4834654e+00 5.4547105e+00 4.9135380e+00 ... 2.8557869e-02
  1.9360645e-02 3.0232759e-02]
 [6.8160152e-01 3.3915679e+00 3.2424824e+00 ... 7.7100702e-02
  1.2357485e-01 8.6512327e-02]
 ...
 [8.2130686e-07 2.2711479e-08 2.7002146e-08 ... 1.3531136e-09
  8.7128715e-10 6.6888350e-07]
 [5.4341274e-07 4.3843307e-09 7.0562902e-09 ... 2.5982252e-09
  9.5903263e-10 6.2829093e-07]
 [5.2476264e-07 1.7056522e-09 2.0373088e-09 ... 2.2093949e-09
  1.0383906e-09 6.2362852e-07]]","[[ 4.41956957 15.21870111 17.14044584 ... 18.0310636  16.35507865
  23.82759887]
 [ 2.76581312 10.14297381  7.58195302 ... 13.11932615 11.93282985
  25.87358012]
 [ 8.24916291  9.10124761 13.70849101 ... 10.30749319 18.96233594
   9.67147298]
 ...
 [15.67849576 20.44048451 16.0854023  ... 21.86012747 22.49837643
   9.96514396]
 [14.34671471 16.23547656 20.26065378 ... 16.27765668 14.81284708
   3.72895138]
 [14.98093542 32.1589085  34.06151405 ... 19.75490132 19.0448902
   3.43241095]]","[[-0.09308716 -0.09916223 -0.11635451 ...  0.04985131  0.03574903
   0.01323249]
 [ 0.13709639  0.19221146  0.20958269 ... -0.22113858 -0.21393404
  -0.1831293 ]
 [-0.04446493 -0.05138453 -0.07443903 ...  0.07616923  0.08747605
   0.10354734]
 [-0.19046393 -0.21453397 -0.25315922 ... -0.03942811 -0.0423485
  -0.03888392]
 [ 0.05291052  0.05478483  0.06038157 ... -0.00651935 -0.00824699
  -0.00114585]
 [-0.03221265 -0.0417076  -0.06226404 ... -0.08443787 -0.07887433
  -0.07274965]]"
metal.00022.wav,metal,"[[-176.77602   -149.74641   -137.33185   ...  -65.55614    -81.118126
  -140.2185   ]
 [ 115.91884    109.32509    111.11766   ...  110.869064    97.30711
    80.4866   ]
 [ -24.446003   -29.227135   -33.84037   ...  -18.593939    -8.430949
    -1.6497879]
 ...
 [ -11.189499   -15.959629   -13.3235    ...   -9.642363    -5.407332
     2.3557196]
 [  22.152718    24.201021    21.936508  ...   22.328606    21.816471
    17.319933 ]
 [   2.0681257   -6.866452   -10.061466  ...   -7.7776656  -12.229423
     3.024283 ]]","[[0.1992112  0.0979834  0.13895391 ... 0.38752347 0.4885154  1.        ]
 [0.15183622 0.1474833  0.21954072 ... 0.5067743  0.79777783 0.8782637 ]
 [0.11195815 0.1321602  0.18592131 ... 0.6168245  0.8398148  0.540147  ]
 ...
 [0.78674364 0.63697565 0.6296013  ... 0.5089861  0.61094344 0.6294311 ]
 [1.         1.         1.         ... 0.3168196  0.44604722 0.88552743]
 [0.47967285 0.2531414  0.26734185 ... 0.43688968 0.46710062 0.99737936]]","[[1.7464362e-02 4.0330491e-03 1.7156966e-02 ... 6.4661045e+00
  9.6221554e-01 4.3794787e-01]
 [2.3827580e-01 1.7495225e-01 3.2267386e-01 ... 1.2893558e+01
  5.5309715e+00 8.6453855e-01]
 [1.1746597e+00 3.5398901e+00 3.9213457e+00 ... 4.7345295e+00
  5.1879234e+00 5.0044519e-01]
 ...
 [4.0668565e-06 2.1719025e-08 4.2402934e-08 ... 1.9730358e-06
  1.8325111e-06 2.2462040e-05]
 [3.9654487e-06 2.6743991e-09 7.3992052e-09 ... 3.5581952e-08
  1.2818046e-07 2.4057465e-05]
 [3.8510889e-06 1.1442187e-09 1.6935167e-09 ... 7.4607547e-09
  3.7367220e-09 2.4535375e-05]]","[[15.38925282 22.96482296 35.12387101 ... 17.00064661 18.40736136
   9.21615939]
 [ 8.3521953  13.29891928 10.83735298 ... 12.51524786  7.38221334
   9.53310948]
 [12.87380102 16.3072726  12.44836756 ...  9.03591941 12.16133702
  11.46022409]
 ...
 [13.92545384 14.84441036 16.29404617 ... 11.91957016 12.12299959
  15.79857211]
 [15.13768271 18.50809976 18.25687622 ... 15.47810479 16.80429941
  14.95737608]
 [26.695018   47.72853692 46.01049056 ... 44.4614283  48.26637723
  23.69906255]]","[[-0.00497971 -0.02362206 -0.01724087 ...  0.06208231  0.03488983
   0.01120285]
 [-0.03726025 -0.04484926 -0.04510886 ... -0.08370593 -0.09681388
  -0.07410988]
 [-0.02180836 -0.02492138 -0.01589297 ... -0.02152419 -0.03119614
  -0.01832518]
 [-0.06925633 -0.0851672  -0.06889156 ...  0.0327035   0.03767019
   0.02800807]
 [ 0.02441313  0.02945818  0.02187832 ...  0.00526477  0.00828255
   0.00793778]
 [ 0.01592686  0.01962872  0.01798576 ... -0.00065562  0.00119249
   0.00149792]]"
metal.00036.wav,metal,"[[-177.97859   -162.56883   -172.76636   ... -149.1453    -143.37685
  -160.13303  ]
 [  94.13022     94.310776    93.46564   ...   72.71402     91.19475
    84.3342   ]
 [ -50.07046    -37.43123    -37.91738   ...  -33.15352    -36.28826
    -7.273732 ]
 ...
 [  -3.9461389  -15.976864    -3.4600284 ...  -30.374165   -21.420818
    -9.88134  ]
 [  15.032009    12.138459    22.075087  ...   -8.357203     9.262178
    -5.4737067]
 [  -8.23221     -8.501929   -10.995407  ...  -30.961105   -16.66895
    -4.1964293]]","[[0.23537807 0.30630055 0.45049244 ... 0.24308038 0.42246047 0.6615518 ]
 [0.2604161  0.16560242 0.3211645  ... 0.17659123 0.34858212 0.72196096]
 [0.6955606  0.2796232  1.         ... 0.13379295 0.1887606  0.6380665 ]
 ...
 [0.42643392 0.37420756 0.5359458  ... 0.08352517 0.25864163 0.5574288 ]
 [0.5085019  0.58591175 0.5845937  ... 0.08017456 0.12894693 0.4503998 ]
 [0.22981699 0.3546267  0.5144948  ... 0.16468684 0.2519191  0.5178405 ]]","[[1.3854212e-01 2.7958000e-01 1.9158804e-01 ... 2.7010622e-03
  3.2470308e-02 1.7318938e-02]
 [3.7546852e-01 1.0627412e+00 1.0631046e+00 ... 1.4355867e-02
  9.9098265e-02 2.0997146e-01]
 [7.2218990e-01 9.0018761e-01 7.1362686e-01 ... 3.9017588e-02
  2.5029969e-01 1.0679822e+00]
 ...
 [5.3995495e-06 4.4366072e-07 4.2942784e-07 ... 6.7462730e-07
  4.7449214e-07 4.4838779e-04]
 [4.2854863e-06 3.1967314e-08 2.3463574e-08 ... 7.7204952e-08
  1.9086601e-08 4.4510758e-04]
 [4.1649550e-06 2.6783236e-09 2.8910454e-09 ... 2.4255391e-09
  2.2553299e-09 4.4292471e-04]]","[[15.4950207  17.1948626  15.51816514 ... 19.15153858 19.85168176
  12.75198816]
 [ 9.35328682  7.30638212  9.63055413 ... 15.68865851  7.34151221
   2.24970432]
 [15.26780599 17.38912493 12.55209679 ...  9.81949645  8.47808064
   8.68410542]
 ...
 [ 9.50405611 14.76156632 15.16197991 ... 14.63455101 16.93482515
  12.78835239]
 [18.82890536 20.74110027 17.68432199 ... 13.77044161 13.27923829
  18.31687943]
 [19.44373885 41.21278783 40.03018398 ... 45.10116338 45.19194687
  15.08904901]]","[[-0.10690565 -0.12772732 -0.07748053 ... -0.09577431 -0.05749595
  -0.04834926]
 [ 0.03579444  0.04402938  0.0429278  ...  0.12340604  0.11477042
   0.08868369]
 [ 0.06362737  0.10054926  0.06114398 ... -0.10330544 -0.11859533
  -0.07236293]
 [-0.15062745 -0.12667112 -0.12669242 ...  0.07161387  0.06080941
   0.04378507]
 [ 0.01595548  0.03746038  0.01824061 ... -0.05965371 -0.04866042
  -0.0430097 ]
 [-0.00182419  0.02149919  0.00384333 ...  0.02133258  0.0132614
   0.00668152]]"
metal.00037.wav,metal,"[[-185.16042    -171.61295    -175.02534    ... -156.61607
  -148.87392    -184.00108   ]
 [ 115.37026     129.97458     132.91331    ...  127.481064
   111.37075     100.69608   ]
 [ -10.08417     -39.555046    -36.373344   ...  -10.615279
   -13.781935    -25.327168  ]
 ...
 [  -8.395946    -13.058159    -12.858276   ...   -6.507592
   -13.584932    -16.112488  ]
 [   2.694228     10.57024      14.210439   ...   10.551004
     6.344882      2.697249  ]
 [  12.948245      0.34704798   -0.5335962  ...   -7.6634903
   -12.930746     -9.917807  ]]","[[0.63602096 0.6552251  0.76810485 ... 0.7946056  0.4004896  0.644801  ]
 [1.         1.         1.         ... 0.82598406 0.58441514 0.3856989 ]
 [0.64934963 0.5359737  0.5318715  ... 0.6149397  0.6045514  0.33375213]
 ...
 [0.3464645  0.26487198 0.2301973  ... 0.9844089  0.6758048  0.80287653]
 [0.5428238  0.4701124  0.44486794 ... 0.835102   0.43680945 0.6382623 ]
 [0.62287074 0.71203756 0.77489305 ... 0.7758847  0.41229254 0.7607494 ]]","[[1.0384108e+00 2.2314216e-01 1.2005968e-01 ... 2.0760946e+01
  1.9494100e+00 4.2968594e-02]
 [2.0210023e+00 1.1113895e+00 9.8433495e-01 ... 5.8990517e+01
  3.5908730e+00 3.1808934e-01]
 [3.0302715e+00 1.1547863e+00 1.3999865e+00 ... 3.0863674e+01
  7.9067116e+00 1.6881166e+00]
 ...
 [9.8818549e-05 1.6215211e-07 6.2033997e-08 ... 3.6547931e-07
  5.8897120e-07 2.5254110e-06]
 [9.8042132e-05 6.6241195e-09 6.8599637e-09 ... 3.0066484e-08
  2.2742096e-08 2.0420428e-06]
 [9.7212331e-05 1.8200642e-09 1.3002142e-09 ... 2.2747317e-09
  2.5139362e-09 1.8245697e-06]]","[[ 5.26565801 16.77364464 15.32687009 ... 13.76495466 17.16789362
  21.12598369]
 [ 5.31986056  8.74487507  9.62734982 ...  7.44252055  6.4903997
   8.00567444]
 [15.68258549 11.31299314 12.37295254 ...  6.34110119 11.58818179
  13.53266189]
 ...
 [12.43709456 11.79684431 12.7726297  ... 13.59049682 11.30971307
  15.43270163]
 [16.56871797 17.36512211 18.40122493 ... 16.07880918 12.56863064
  10.01679589]
 [15.43749478 36.28913761 38.97146429 ... 41.02808748 45.61224198
  22.89667321]]","[[ 0.00278639  0.01486254  0.02451598 ... -0.07709143 -0.07296454
  -0.04364151]
 [-0.09054851 -0.13677849 -0.15601628 ... -0.05476744 -0.0436324
  -0.02080225]
 [ 0.08444576  0.10729831  0.10795742 ... -0.00155243  0.01744468
   0.01744591]
 [ 0.0046447  -0.00622016 -0.0065278  ...  0.09069644  0.08181411
   0.07184352]
 [-0.04791595 -0.05451039 -0.06027729 ... -0.02819458 -0.02993807
  -0.02712574]
 [ 0.01236921  0.01338516  0.0037574  ... -0.03242497 -0.03342573
  -0.03015777]]"
pop.00027.wav,pop,"[[-2.79245758e+02 -2.71448883e+02 -2.78355713e+02 ... -9.90254364e+01
  -1.02997002e+02 -1.35631424e+02]
 [ 1.39925873e+02  1.35910461e+02  1.35649841e+02 ...  1.03328667e+02
   1.08290100e+02  9.93776550e+01]
 [ 1.25982447e+01  2.56001282e+00  8.92789268e+00 ...  1.68438683e+01
   1.19560452e+01 -3.00964451e+00]
 ...
 [-1.79462414e+01 -1.58093853e+01 -1.35439205e+01 ...  2.53626227e+00
  -4.70816755e+00 -4.65905571e+00]
 [ 2.37531453e-01 -1.25313454e+01 -3.63300943e+00 ...  5.62618637e+00
   7.45996952e+00  8.85228729e+00]
 [-2.65663071e+01 -1.64467297e+01 -1.29607916e+01 ...  1.15894377e-01
   4.18922126e-01 -2.16147494e+00]]","[[0.70407933 1.         1.         ... 0.439105   0.45096233 0.7957441 ]
 [0.33234426 0.3044487  0.31464347 ... 0.31770116 0.50295156 0.65957767]
 [0.19550791 0.16104767 0.17576931 ... 0.46821952 0.77543205 0.7610539 ]
 ...
 [0.8533066  0.43162543 0.3774337  ... 0.5161293  0.77256066 0.9266216 ]
 [1.         0.7589646  0.6469956  ... 0.43913752 0.5256665  0.81751215]
 [0.92675036 0.99842995 0.96510535 ... 0.5667414  0.7237607  0.8402044 ]]","[[1.8837970e-01 6.4720362e-03 1.5651477e-03 ... 7.0083737e+00
  2.3563196e+01 8.0128918e+00]
 [2.7934325e-01 2.8876970e-02 1.2505548e-02 ... 4.7702759e+01
  7.9101936e+01 1.4048923e+01]
 [5.6075853e-01 1.2847281e-01 1.2518618e-01 ... 5.3391823e+01
  3.9548595e+01 7.6043057e+00]
 ...
 [6.9384529e-05 1.4087606e-04 1.0150451e-04 ... 5.3971047e-03
  2.8898388e-03 2.4306104e-03]
 [1.0754166e-04 9.3285576e-05 1.9553679e-04 ... 5.2057952e-03
  5.7995189e-03 2.3593772e-03]
 [1.6148986e-04 2.7298025e-04 1.7523854e-04 ... 7.7551282e-03
  3.6074431e-03 1.4597717e-03]]","[[ 5.66082158 22.07357249 22.41228295 ... 12.93837293 21.11350741
   8.26889328]
 [11.85222889  9.73649865 10.77155572 ...  5.46979686 11.93124096
   7.01885648]
 [17.19821935 14.52727792 13.5138265  ... 10.25564711 11.82741344
  10.37523425]
 ...
 [18.73589118 20.08561937 12.62978771 ... 18.69957296 15.42834938
  15.33752708]
 [18.57404503 18.28376892 19.26004159 ... 16.75755444 17.86493067
  17.62267359]
 [15.43114821 14.6079925  14.44898562 ... 15.59645288 15.64222534
  13.14323875]]","[[ 0.00459115  0.03854729  0.0256717  ...  0.03462276  0.04416578
   0.0050366 ]
 [-0.14218682 -0.18871616 -0.16100934 ... -0.04640688 -0.06368414
  -0.04198428]
 [ 0.17863476  0.1883913   0.16399561 ...  0.07122027  0.09097822
   0.08421301]
 [ 0.04176809  0.03650334  0.01359747 ...  0.0014637  -0.01239249
  -0.00879426]
 [-0.079663   -0.09025551 -0.06406773 ... -0.01599746 -0.00668954
   0.0022645 ]
 [-0.02850963 -0.02077102 -0.01027574 ... -0.00208806 -0.00722814
  -0.00138475]]"
pop.00033.wav,pop,"[[-119.95832    -99.17729    -97.06404   ...  -89.2073     -74.07132
  -111.77132  ]
 [  85.31376     71.505455    67.66472   ...   73.73892     65.27866
    61.69892  ]
 [ -20.716331   -21.182026   -10.575376  ...   -6.1252184   -9.96842
    -8.893691 ]
 ...
 [  -9.979204    -9.959566   -10.9237795 ...    5.352584     4.690233
    -4.36162  ]
 [  -8.692776    -5.8145466   -3.9279404 ...   12.057461     9.582409
     8.670545 ]
 [   7.608252     7.999041     5.2380652 ...    8.109043     9.272969
    11.141924 ]]","[[0.4958734  0.6348694  0.55623645 ... 0.58233756 0.79720485 1.        ]
 [0.42673516 0.29068938 0.17794706 ... 0.44002965 0.68797266 0.8379134 ]
 [0.27278766 0.08133052 0.06722985 ... 0.3596176  0.3918233  0.4248138 ]
 ...
 [0.30895722 0.08416072 0.06047321 ... 0.29630092 0.4634171  0.57306343]
 [1.         0.3761062  0.1540399  ... 0.2841708  0.37080398 0.5522534 ]
 [0.63148046 1.         1.         ... 0.3973518  0.50654536 0.7996118 ]]","[[1.4827821e-01 7.8584772e-01 7.2777104e-01 ... 5.7810974e+00
  1.3581995e+01 3.4500506e+00]
 [3.1943563e-01 1.4176837e+00 2.0764019e+00 ... 5.2759552e+01
  3.7149956e+01 4.6674976e+00]
 [2.1914721e-01 1.5393878e+00 2.3949594e+00 ... 7.9921059e+01
  4.0832108e+01 1.2459741e+01]
 ...
 [1.4842186e-03 1.7034562e-03 3.0805187e-03 ... 3.7478295e-03
  5.8251349e-03 2.9270656e-03]
 [4.5883013e-03 4.7559543e-03 4.4178227e-03 ... 9.7104413e-03
  7.8288950e-03 3.3962303e-03]
 [1.5354243e-03 3.5793118e-03 5.5167945e-03 ... 5.0106347e-03
  6.6524036e-03 3.1817651e-03]]","[[11.37569375 14.93263126 17.81492403 ... 18.84042628 24.87225144
   6.89600829]
 [ 9.10599693 12.49065068 10.50113269 ... 14.61451649  7.76426034
   7.3182495 ]
 [13.34842156 16.98677809 16.26450418 ... 11.40940711 14.36003064
   7.84615311]
 ...
 [18.95000898 20.43243969 19.97905919 ... 12.25334458 15.17965903
  15.26592043]
 [18.12488666 13.81419951 16.26432283 ... 19.18604319 15.10226698
  12.32229393]
 [16.0837637  15.10024117 19.13062323 ... 15.75963252 16.28884557
  15.76611362]]","[[-0.0141331   0.0764558   0.1277953  ...  0.02012304  0.01253043
   0.01470542]
 [ 0.10719603  0.05572773  0.00579609 ...  0.12647576  0.08937066
   0.06499356]
 [ 0.0815147   0.15472785  0.15815882 ... -0.14758107 -0.1417448
  -0.1207558 ]
 [ 0.15563374  0.28547909  0.36809376 ...  0.07305676  0.08248189
   0.08429195]
 [ 0.05112666  0.04047938  0.02507844 ... -0.04416913 -0.03490789
  -0.03022709]
 [ 0.05258241  0.04409381  0.02037128 ... -0.03907413 -0.03331805
  -0.03819073]]"
pop.00032.wav,pop,"[[-268.2098     -74.86799    -81.52706   ... -132.04541   -144.4928
  -175.17404  ]
 [  66.48334     39.07826     22.043413  ...   58.75282     74.225464
    45.97394  ]
 [   8.501964    38.544945    59.123436  ...    5.296211     1.8720162
    33.419662 ]
 ...
 [   5.822883   -14.167786    -6.9223127 ...    3.722077     3.4728436
     1.6145183]
 [  -9.223622   -11.752098    -4.7118363 ...    8.131111    10.116608
    12.339973 ]
 [   8.517103    -8.55965     -4.28166   ...   -5.307387     4.9422855
    11.574615 ]]","[[1.         1.         0.9222486  ... 0.33073053 0.47935948 0.71954453]
 [0.5047617  0.8407931  0.6104376  ... 0.4483752  0.40509686 0.838283  ]
 [0.21849442 0.4109557  0.36273447 ... 0.17237161 0.22881925 0.9353974 ]
 ...
 [0.17692192 0.5725771  0.60550743 ... 0.19886695 0.23596397 0.38450643]
 [0.41687757 0.6248674  0.47116292 ... 0.42210248 0.32440856 0.43848708]
 [0.8621836  0.7384129  0.44978306 ... 0.40329054 0.48337662 0.7124758 ]]","[[1.45344436e-02 6.51510417e-01 1.30673015e+00 ... 8.50469291e-01
  6.96441352e-01 1.23409581e+00]
 [1.82000361e-02 9.62879658e-01 1.83644211e+00 ... 4.82594109e+00
  4.57355261e+00 1.37369859e+00]
 [1.03409570e-02 8.20876241e-01 3.20541406e+00 ... 3.92891169e+00
  3.96302438e+00 6.15103722e-01]
 ...
 [1.72181125e-03 1.06749445e-01 3.41210723e-01 ... 1.39562795e-02
  9.75814089e-03 5.36097633e-03]
 [2.96491757e-03 1.43697605e-01 2.17431948e-01 ... 1.80674661e-02
  4.28976072e-03 1.85027663e-02]
 [3.44965956e-03 9.95866656e-02 2.57362038e-01 ... 5.16637461e-03
  4.17728396e-03 9.65741575e-02]]","[[ 4.22628554  9.58943642 17.89116625 ... 14.90366252 14.1815344
   3.7981438 ]
 [11.14023773  6.15310975  8.83786584 ...  6.34965737  9.36444689
   6.89511023]
 [11.19287543 16.56344438 12.71707705 ... 14.47460203  9.68948221
   8.11044037]
 ...
 [10.45850134 15.31692944 10.89935578 ... 22.05275713 16.55676007
  18.4773833 ]
 [20.04140702 14.74998194 12.58546859 ... 22.15403337 21.0102038
  10.67004763]
 [17.71678679 12.6986587  15.60051018 ... 14.66955453 15.64962766
  15.35159402]]","[[-0.07624935 -0.07655839 -0.08351502 ...  0.03531658  0.02131567
   0.03560156]
 [-0.04212667 -0.04279832 -0.04612337 ... -0.19665426 -0.16163205
  -0.1312483 ]
 [-0.02432717 -0.03431137 -0.03981351 ...  0.11967027  0.13305897
   0.15725403]
 [ 0.09809035  0.08036584  0.09834584 ... -0.05572573 -0.03030575
  -0.0400706 ]
 [-0.05115859 -0.04581438 -0.05865724 ... -0.03706823 -0.05143907
  -0.05658852]
 [ 0.00672609  0.00791985  0.00531891 ... -0.00581872 -0.00501519
  -0.00522766]]"
reggae.00080.wav,reggae,"[[-1.75876511e+02 -1.78637848e+02 -1.80763840e+02 ... -1.75729568e+02
  -2.00354416e+02 -2.51692383e+02]
 [ 1.16666153e+02  9.50642776e+01  8.98769989e+01 ...  3.16818619e+01
   5.16140442e+01  7.00856018e+01]
 [ 4.75778198e+00 -2.95846443e+01 -3.59040756e+01 ... -2.98364334e+01
  -1.45641985e+01 -1.53459244e+01]
 ...
 [ 9.66781998e+00  2.25494080e+01  7.74127197e+00 ...  1.58156757e+01
   9.77461910e+00  1.19757881e+01]
 [ 2.86091352e+00  8.68661404e+00  2.76882720e+00 ...  1.80378342e+01
   1.09977484e+01  2.15607858e+00]
 [ 1.80242500e+01  1.74989624e+01  2.23216305e+01 ...  1.35630379e+01
   5.24164152e+00 -3.07102799e-02]]","[[0.78086823 0.88339007 0.60003287 ... 0.02457266 0.0724266  0.1021802 ]
 [0.6157258  0.43246156 0.27926767 ... 0.01138311 0.06701978 0.09820901]
 [0.70396537 0.4620552  0.26363617 ... 0.03096446 0.4000525  0.18256317]
 ...
 [0.46570757 0.32073006 0.23191363 ... 0.02118037 0.08858329 0.13931228]
 [0.64205354 0.4088032  0.35733348 ... 0.03074393 0.07425617 0.10462239]
 [0.8856216  1.         1.         ... 0.04834286 0.19434601 0.16037011]]","[[1.0001109e+01 6.8768549e+00 1.0019878e+01 ... 1.1595528e+00
  7.3783106e-01 2.5448126e-01]
 [2.5357107e+01 4.2942822e+01 4.4703659e+01 ... 2.6220052e+00
  7.6908755e-01 3.5014394e-01]
 [2.1750263e+01 3.5487560e+01 2.9247585e+01 ... 9.1039550e-01
  2.5938639e-01 2.8219387e-01]
 ...
 [4.7878895e-04 2.1511572e-04 1.9672145e-04 ... 1.1162979e-03
  4.5933266e-04 1.3226781e-04]
 [5.3697190e-04 2.2649849e-04 2.3630484e-04 ... 3.2688521e-03
  1.0281246e-03 1.5292040e-04]
 [6.7063567e-04 2.3690898e-04 2.6102536e-04 ... 1.9894370e-03
  1.5045486e-03 2.7011253e-04]]","[[22.94566907 11.28353771 13.1066067  ... 13.82920505 14.62865192
   6.23096656]
 [ 5.83350997 16.24980044  5.89407254 ... 11.7277821  18.08249409
  10.09590459]
 [11.84918962 19.13251954 27.624819   ... 26.12075015 17.67438344
  12.05553263]
 ...
 [13.93802817 14.98006779 20.53363349 ... 17.04992369 15.49641972
  17.85595119]
 [17.79344732 20.86587866 20.18767577 ... 18.20117412 17.05515742
  17.97119229]
 [13.30285294 16.796121   17.20631269 ... 16.26695042 19.44140276
  17.52685738]]","[[ 0.06191465  0.06229964  0.0631733  ...  0.03771024  0.06906896
   0.07001017]
 [-0.04492329 -0.06146213 -0.07151087 ... -0.0009158  -0.00362134
   0.02137387]
 [-0.00903084  0.0118194   0.00577777 ... -0.00040653 -0.03660146
  -0.07996394]
 [ 0.02610495  0.01666381  0.0098577  ...  0.10221778  0.07540789
   0.07281933]
 [-0.03785319 -0.04194421 -0.04743224 ...  0.04580958  0.02862693
   0.02819464]
 [ 0.01966519  0.024225    0.02069649 ...  0.0327657   0.02689304
   0.02501783]]"
reggae.00094.wav,reggae,"[[-146.3434     -128.28804    -160.06747    ... -169.00743
  -179.89565    -212.46942   ]
 [  86.94235      75.405        79.56521    ...  110.2068
   110.396645     96.43744   ]
 [ -16.289871    -22.99643     -26.64927    ...  -48.126373
   -43.042458    -17.641232  ]
 ...
 [  -8.1925125   -15.318232    -11.557968   ...    1.1354094
     4.1340857    16.636503  ]
 [   4.493542      1.5218562    -1.2438248  ...   11.679867
     9.28079      12.337532  ]
 [  23.953392     17.771393     15.166719   ...    3.047184
    -0.77727306    7.259239  ]]","[[1.         0.38489485 0.37832415 ... 0.21667203 0.20322855 0.3464908 ]
 [0.37374368 0.31067896 0.8031793  ... 0.3476412  0.31491086 0.42183322]
 [0.45312813 0.46023977 0.97517556 ... 1.         1.         1.        ]
 ...
 [0.41198778 0.26002547 0.49059325 ... 0.30874357 0.39094707 0.35707253]
 [0.35257915 0.4910495  0.4021709  ... 0.23993774 0.28387088 0.34669337]
 [0.977419   1.         0.28732052 ... 0.3449668  0.2651104  0.3319575 ]]","[[1.21793163e+00 1.86223850e-01 2.02426016e-02 ... 1.61543600e-02
  8.72592404e-02 1.88683003e-01]
 [2.96204901e+00 6.07047987e+00 3.42734289e+00 ... 3.81688309e+00
  2.06699967e+00 9.61555421e-01]
 [3.94262767e+00 1.50763168e+01 1.22430878e+01 ... 4.27256317e+01
  2.78544846e+01 3.08963537e+00]
 ...
 [1.50978134e-03 1.22607267e-03 2.59991706e-04 ... 8.26326286e-05
  1.13044603e-04 9.31783172e-04]
 [1.26976776e-03 9.89046763e-04 2.96496873e-04 ... 5.24592724e-05
  1.27028383e-04 1.95128762e-03]
 [9.59272904e-04 9.43261373e-04 2.59078719e-04 ... 7.26798971e-05
  1.02541315e-04 1.55438634e-03]]","[[ 5.22709596 30.16125828 30.07204433 ... 20.10844185 23.26619939
   8.75611603]
 [10.29207782 16.4379837  10.88525534 ...  8.55244028  6.3697926
  10.57906464]
 [ 5.83090887 11.38822268 18.31511209 ... 10.00961232  9.47208457
  13.06402252]
 ...
 [14.56216254 18.59285997 15.43428363 ... 18.59730921 14.88164838
  16.5340652 ]
 [19.57268539 21.76755979 24.08000493 ... 18.03617381 16.12984252
  14.91387824]
 [16.98812107 17.50624507 17.59972792 ... 15.59829576 20.40091159
  17.00602926]]","[[-0.01243524 -0.00663611 -0.03652222 ... -0.08190128 -0.07346574
  -0.05010853]
 [ 0.00618025 -0.04364999 -0.00675074 ...  0.01837552  0.03950801
   0.03944569]
 [ 0.14022565  0.17067587  0.15104619 ...  0.15247418  0.14236733
   0.13083955]
 [ 0.05597017  0.04957772  0.05868286 ... -0.05701928 -0.05872688
  -0.07786806]
 [ 0.00807236 -0.00380171 -0.0074889  ... -0.00692548 -0.00510986
  -0.00026646]
 [ 0.0406568   0.03127644  0.03368975 ...  0.03545485  0.02925283
   0.02900749]]"
reggae.00043.wav,reggae,"[[-259.68613   -151.19797   -197.8297    ... -196.94714   -167.20909
  -154.83633  ]
 [ 130.31133    145.2072     133.16347   ...  113.61169    137.80084
   149.23328  ]
 [   7.0274324  -10.917414   -10.56993   ...  -42.327583   -39.950897
   -61.38334  ]
 ...
 [  -0.512963     6.467913    -3.984243  ...  -10.859043     4.0694737
    13.402666 ]
 [   6.59492     13.677604     6.1947155 ...    2.7991142    5.3537135
     5.3434286]
 [   1.9260589   -4.3468943    3.2398868 ...   -7.4916353   -8.0341015
    -3.2183342]]","[[0.3212915  0.55194074 0.21436441 ... 1.         1.         1.        ]
 [0.41813907 0.4676907  0.23185486 ... 0.8462816  0.27070576 0.7143291 ]
 [0.50856894 0.53493875 0.39768326 ... 0.20012629 0.04860072 0.22868542]
 ...
 [0.6096683  0.691543   0.41725624 ... 0.22234584 0.18055765 0.33004546]
 [0.33774665 0.73489916 0.2656132  ... 0.16428094 0.17941947 0.19367003]
 [0.24731027 0.6322108  0.17049466 ... 0.38621983 0.7884795  0.44613805]]","[[6.3143784e-01 1.1113812e+00 6.0521978e-01 ... 1.1230062e-02
  1.0226080e-01 1.6961304e+00]
 [1.8489374e+00 2.5604837e+00 6.5908470e+00 ... 5.7330031e-02
  1.2749465e+00 1.9894695e+00]
 [1.9246262e+00 9.4611006e+00 2.4988342e+01 ... 1.5239257e-01
  2.5041149e+00 8.6640275e-01]
 ...
 [9.7405253e-05 5.2114471e-04 4.3318726e-04 ... 4.0366169e-04
  1.1180646e-04 1.3300790e-04]
 [8.9257948e-05 3.8379984e-04 5.0275429e-04 ... 2.1383887e-04
  1.3631131e-04 1.4195569e-04]
 [1.0697213e-04 4.4050266e-04 6.9552858e-04 ... 3.7504811e-04
  1.5399246e-04 9.4252842e-05]]","[[ 7.28596754 23.47901092 17.84192174 ... 21.97890616 12.79456175
   7.82473142]
 [ 8.33007396 23.50436775  8.51626    ...  6.3669418   9.45384167
   9.59486329]
 [10.07700845 13.97894881 15.8917109  ... 18.54995824 17.44921436
   9.98896149]
 ...
 [17.15627598 11.36066047 14.00173471 ... 16.52389278 14.23147734
  14.38300624]
 [12.55675683 18.88067121 18.24597799 ... 21.95936034 19.66349157
  18.35153017]
 [ 3.94430534 13.35318431 13.54951502 ... 15.18540004 13.66989339
   9.99160553]]","[[ 0.00764834  0.01972227  0.01521575 ...  0.01641558  0.02468249
   0.0251269 ]
 [-0.00402892 -0.00037841  0.01608326 ...  0.0469261   0.00353766
   0.03740233]
 [-0.01669788  0.01134846  0.01165162 ... -0.03105927  0.0121968
   0.01793653]
 [-0.03472274 -0.0463661  -0.03644544 ...  0.18892665  0.17823325
   0.15497105]
 [ 0.01170709  0.01152538  0.00999519 ... -0.00885417 -0.01604365
  -0.00794958]
 [ 0.02155744  0.0190078   0.01185547 ...  0.04666067  0.02871308
   0.01817801]]"
rock.00011.wav,rock,"[[-213.4913    -162.53052   -144.02342   ... -226.74821   -226.43886
  -164.85979  ]
 [ 127.551865   148.0606     143.53445   ...  106.553665   125.00598
   115.584526 ]
 [ -19.965855   -35.436287   -53.26588   ...   10.552333    -8.172309
    -3.4253259]
 ...
 [ -24.425232   -22.067616   -29.563656  ...  -22.963085   -24.595255
    -7.3571014]
 [   7.7188125    1.5877762    5.1506796 ...   22.962559    23.870338
    15.021945 ]
 [  -8.370812   -17.359116   -19.07925   ...  -26.776516   -19.500908
   -18.619886 ]]","[[0.2003811  0.5909335  0.5861136  ... 0.16071564 0.33430725 0.67736775]
 [0.18791886 0.430382   0.32973757 ... 0.09552673 0.12206568 0.34041274]
 [0.16557421 0.41474032 0.24676709 ... 0.13033715 0.13226067 0.31368375]
 ...
 [1.         0.38951364 1.         ... 0.9271287  0.41088885 0.6911922 ]
 [0.8453707  0.64018977 0.68910676 ... 0.81858796 1.         1.        ]
 [0.34228402 0.6221002  0.56848764 ... 0.522862   0.84244865 0.969464  ]]","[[1.0603751e+00 6.6171950e-01 8.0631632e-01 ... 1.8343675e+00
  1.6106032e+00 1.3405761e+00]
 [6.0159528e-01 1.0345321e+00 1.2229419e+00 ... 5.6524730e+00
  4.5962682e+00 2.9734728e+00]
 [3.5125798e-01 2.8506514e-01 7.4393880e-01 ... 5.4872065e+00
  3.0051849e+00 4.2830653e+00]
 ...
 [9.5233941e-07 6.2065347e-08 7.0569833e-08 ... 2.6592960e-07
  1.3480943e-07 5.4532684e-06]
 [4.4479140e-07 1.1809570e-08 4.5974584e-09 ... 1.4274128e-08
  1.2211771e-08 4.9612381e-06]
 [2.3337573e-07 1.8099346e-09 1.1992644e-09 ... 1.6501209e-09
  2.0492013e-09 4.8766806e-06]]","[[ 7.1544374  12.73392475 12.83076719 ... 11.24825043 29.9692499
  14.13697732]
 [ 3.15358668  7.35810195  4.25384501 ... 16.16618869 13.17748095
   8.7569962 ]
 [13.94294991 13.02923123 11.18464861 ... 17.05929307 17.51407415
   8.98156199]
 ...
 [16.41783522 17.96574489 18.02746228 ... 23.16549999 18.81639148
  15.09101958]
 [20.64730049 22.03685998 21.01857508 ... 22.69947003 19.93145654
  15.90744743]
 [20.32612463 39.77595434 39.20367503 ... 41.2975418  38.40552059
  20.87779726]]","[[-0.05583273 -0.06735024 -0.03416722 ... -0.27246416 -0.24429036
  -0.19360087]
 [ 0.13349326  0.16035536  0.20753615 ...  0.02160493  0.03133127
   0.01692778]
 [-0.06154316 -0.01387163 -0.05517348 ...  0.0654733   0.0515845
   0.03404721]
 [ 0.12651231  0.11795342  0.14356276 ...  0.1863279   0.17567452
   0.16805731]
 [-0.02170992 -0.01058267 -0.02029648 ... -0.060535   -0.05743159
  -0.05298929]
 [ 0.04373675  0.04037014  0.06262311 ... -0.09478324 -0.08276534
  -0.06387645]]"
rock.00005.wav,rock,"[[-139.66803    -113.54545    -117.37858    ...  -98.24754
  -102.40379     -99.98912   ]
 [ 150.38687     155.75842     156.16075    ...  157.70267
   169.57072     172.20935   ]
 [ -39.490814    -51.113266    -44.13138    ...  -66.605156
   -65.495865    -69.00894   ]
 ...
 [   5.5825577    -7.092681     -9.215982   ...  -11.601299
    -2.983815     -8.136453  ]
 [  -9.637101     -1.9561036     8.283239   ...   17.162966
    23.941082     22.5627    ]
 [ -11.001951      0.54943204    1.1397419  ...    3.2684114
     5.8830075     1.7443978 ]]","[[0.20455013 0.16143583 0.36772192 ... 0.22653429 0.25971672 0.29669422]
 [0.15300235 0.12296421 0.51311797 ... 0.1531577  0.18365811 0.18690704]
 [0.15389167 0.12923203 0.28431872 ... 0.19154921 0.21077129 0.2104584 ]
 ...
 [0.36487517 0.29067    0.26558113 ... 0.2883402  0.2714417  0.56511074]
 [0.2829757  0.17170374 0.17987444 ... 0.23249899 0.17893606 0.41428214]
 [0.23776563 0.12590525 0.13731442 ... 0.37315384 0.3720974  0.3670659 ]]","[[3.3541028e+00 1.9933164e-01 1.5091822e-01 ... 3.6027569e-01
  1.6351304e+00 1.9042815e-01]
 [6.0395823e+00 1.4447495e+00 1.7547060e+00 ... 1.0514826e+01
  1.8973278e+01 5.3611670e+00]
 [1.2198313e+01 2.1221974e+00 1.6630063e+00 ... 1.6723709e+01
  2.7537550e+01 1.2671128e+01]
 ...
 [4.2640563e-06 6.9407442e-08 1.1914066e-07 ... 2.3751606e-06
  9.3656769e-07 1.0325157e-06]
 [3.6084086e-06 1.8390869e-08 1.3198935e-08 ... 8.1445030e-08
  4.8582709e-08 1.1931506e-07]
 [3.3177425e-06 2.0810702e-09 1.7869489e-09 ... 8.2852525e-09
  3.4101755e-09 6.8082890e-08]]","[[12.15107504 20.0903743  13.68725373 ... 16.26424922 26.28219392
  16.25249937]
 [10.24524438 15.64120553  8.41518808 ... 12.39912433 13.34887292
   3.16664159]
 [ 9.8546305  20.19815698 18.06611542 ... 11.95992651 15.86751096
  16.61523925]
 ...
 [10.64970275 19.06355667 21.82273628 ... 18.26097603 18.16210802
  15.9045977 ]
 [19.72719579 20.08630505 23.32345754 ... 19.46011392 17.99144964
  17.11252643]
 [19.53566041 39.41037037 40.52740562 ... 37.69321708 38.27819753
  28.54856891]]","[[ 1.57489094e-01  1.99654855e-01  2.19484633e-01 ...  2.72778521e-01
   2.52940504e-01  1.76885758e-01]
 [ 1.11191405e-01  1.35064092e-01  8.91985679e-02 ... -4.94488547e-03
  -2.52104265e-02  1.41423964e-02]
 [ 8.22114572e-03  2.30827928e-03 -4.13973443e-02 ... -6.80382363e-02
  -6.51884787e-02 -5.98456189e-02]
 [ 2.24636123e-02  2.40395702e-02  1.63478553e-02 ... -1.03932265e-01
  -9.36436169e-02 -7.88905770e-02]
 [ 7.98090729e-03  2.77924577e-02  1.81923146e-02 ... -2.32642045e-02
  -2.78572091e-02 -1.70830306e-03]
 [-7.83222076e-03  3.90084460e-05  1.16568757e-02 ...  1.03203272e-02
   8.69202800e-03  2.17885207e-02]]"
rock.00039.wav,rock,"[[-103.325554   -68.75427    -73.29409   ...  -79.94047    -88.78987
   -92.78179  ]
 [ 105.520676    85.4668      79.63282   ...   93.58577     97.363396
    97.67116  ]
 [ -10.970276    -7.8082037   -8.26885   ...   -8.739115   -16.743671
   -23.381622 ]
 ...
 [  -0.9253122   -0.6351321   -9.254087  ...   -3.481464    -3.5296192
    -2.5858443]
 [  -2.8047082    0.2441243    3.2240174 ...    3.0784485   -1.0497936
   -12.789503 ]
 [  -5.7777896   -0.7646574   -3.6827145 ...   -3.7495456   -8.249266
   -17.43293  ]]","[[0.3830547  0.5786376  0.8740395  ... 0.8746526  1.         0.40179452]
 [0.28126124 0.5297935  0.8609733  ... 0.5209867  0.8605789  0.41454825]
 [0.3087741  0.67373013 1.         ... 0.50590605 0.97405756 0.55379874]
 ...
 [0.37199846 0.32584044 0.5581455  ... 0.59248453 0.4689235  0.3078847 ]
 [0.3833655  0.36481872 0.39763737 ... 0.5893911  0.5075688  0.24648899]
 [0.38859358 0.4837506  0.8385395  ... 1.         0.9235494  0.5015523 ]]","[[1.0980010e+00 1.6623693e+00 1.2052990e+00 ... 8.0852830e-01
  5.6005520e-01 5.9798449e-02]
 [2.4282091e+00 2.1866560e+00 1.4136515e+00 ... 9.4322574e-01
  9.1268545e-01 9.9469081e-02]
 [5.5204272e+00 6.8126087e+00 1.4106505e+00 ... 1.5465090e+00
  2.4437979e-01 6.2188953e-02]
 ...
 [6.6120089e-03 7.3569887e-03 1.9088205e-02 ... 2.5042873e-02
  8.5620685e-03 7.0604202e-03]
 [6.4272420e-03 1.2223484e-02 2.1241801e-02 ... 1.3677788e-02
  1.4023336e-02 7.4752946e-03]
 [7.6690917e-03 1.8620269e-02 2.5243916e-02 ... 2.2055345e-02
  1.7034464e-02 8.5553331e-03]]","[[ 8.18089972 18.06957929 13.73829571 ... 26.43872481 17.65679781
  20.02756119]
 [ 4.43699489  5.14427864  6.8447787  ... 11.02794485 16.94191157
   8.31290884]
 [11.53663941  8.9460489  20.41240822 ... 13.20652101 11.62298796
  14.10896243]
 ...
 [17.46556465 18.33738531 17.47794856 ... 21.33187896 21.54186048
  14.23474535]
 [15.16694857 14.30735476 13.66633671 ... 16.36534236 15.42017697
  18.72720932]
 [11.65860608 15.31313692 12.71347668 ... 16.59499283 16.11891663
  17.02206061]]","[[ 0.01454016  0.06783899  0.14215636 ...  0.16450853  0.15220603
   0.12598195]
 [-0.00475464  0.00089733  0.0224016  ... -0.01651506 -0.01424879
  -0.03390173]
 [ 0.02172949  0.03197109  0.00572939 ...  0.03811038  0.02910408
   0.03705118]
 [-0.08814222 -0.10481807 -0.10438648 ... -0.12264144 -0.14414179
  -0.16376928]
 [-0.04664258 -0.05373247 -0.06327306 ... -0.05019987 -0.05868369
  -0.05461656]
 [-0.01155606 -0.00209638 -0.01605936 ...  0.00304427  0.00413934
   0.02136734]]"
